transformer_id,name,latitude,longitude,capacity_kva,feeder_no,sub_div_code,load_kw,load_pct,oil_temperature_c,age_years,is_metered,failure_risk,health_score,status,temperature_c,humidity_pct,precipitation_mm,windspeed_kmh,is_severe_weather,snapshot_at
18,018-paikan,24.9823071,92.5210001,100.0,5,133,19.55,23.0,41.1,10,False,0.1896,92,normal,30.5,96.0,0.1,12.8,False,2026-07-10T09:28:16.961600+00:00
44,044-KHELMA,24.9536851,92.4990678,63.0,2,133,34.75,64.9,69.2,26,False,0.7286,67,critical,31.5,93.0,0.1,15.6,False,2026-07-10T09:28:16.961600+00:00
46,046-CRAIGPARK,25.008613,92.5257821,63.0,5,133,19.12,35.7,47.4,13,False,0.2262,91,normal,30.5,96.0,0.1,12.8,False,2026-07-10T09:28:16.961600+00:00
50,050-9BPL II,24.999775,92.4433517,25.0,2,133,15.19,71.5,73.4,15,True,0.3817,73,normal,30.8,97.0,0.0,12.9,False,2026-07-10T09:28:16.961600+00:00
54,054-BPR 1,24.9079803,92.6735551,63.0,9,133,18.15,33.9,48.8,8,True,0.3372,87,normal,31.8,92.0,0.2,9.3,True,2026-07-10T09:28:16.961600+00:00
55,055-BPR1,24.9283744,92.6523529,63.0,9,133,37.06,69.2,73.3,20,True,0.5121,69,normal,31.8,95.0,0.2,12.9,False,2026-07-10T09:28:16.961600+00:00
57,057-CHANDPUR III,24.9056361,92.6751281,100.0,9,133,29.66,34.9,49.3,7,False,0.318,87,normal,31.8,92.0,0.2,9.3,True,2026-07-10T09:28:16.961600+00:00
102,Kalain Bazar (Near FRU),24.9678249,92.5729239,250.0,2,133,95.41,44.9,54.9,23,True,0.4072,84,normal,31.6,95.0,0.2,12.9,False,2026-07-10T09:28:16.961600+00:00
103,Kalain Bazar (Near Gas Agency),24.965162,92.5757561,100.0,1,133,57.55,67.7,71.7,13,True,0.3393,79,normal,31.6,95.0,0.2,12.9,False,2026-07-10T09:28:16.961600+00:00
105,"Kalain (Near KESD, APDCL)",24.9686385,92.5690119,250.0,2,133,139.19,65.5,69.9,13,False,0.3393,82,normal,31.6,95.0,0.2,12.9,False,2026-07-10T09:28:16.961600+00:00
106,Kalain (Near PHE),24.9664166,92.5686026,100.0,2,133,35.95,42.3,53.3,16,False,0.2698,89,normal,31.6,95.0,0.2,12.9,False,2026-07-10T09:28:16.961600+00:00
108,Kalain Brahmangram (Near Jio),24.9691765,92.5667413,250.0,2,133,137.7,64.8,67.4,29,False,0.8691,62,critical,30.5,96.0,0.1,12.8,False,2026-07-10T09:28:16.961600+00:00
109,109- Kalain (Tarapur- College Road),24.9703105,92.563359,63.0,2,133,29.88,55.8,60.5,19,False,0.3219,87,normal,30.5,96.0,0.1,12.8,False,2026-07-10T09:28:16.961600+00:00
110,110-KAKRAKHAL,24.976445,92.5651117,63.0,2,133,39.31,73.4,74.5,12,True,0.32,73,normal,30.5,96.0,0.1,12.8,False,2026-07-10T09:28:16.961600+00:00
111,111-BHAIRABPUR-V,24.9582566,92.5465243,100.0,2,133,57.12,67.2,69.3,9,True,0.2682,84,normal,30.5,96.0,0.1,12.8,False,2026-07-10T09:28:16.961600+00:00
112,112-BHAIRABPUR MASJID,24.964695,92.5581733,16.0,2,133,7.66,56.3,60.8,29,True,0.5794,77,normal,30.5,96.0,0.1,12.8,False,2026-07-10T09:28:16.961600+00:00
114,114-NATANPUR,24.9578008,92.5632724,100.0,2,133,57.63,67.8,69.8,17,False,0.4293,77,normal,30.5,96.0,0.1,12.8,False,2026-07-10T09:28:16.961600+00:00
115,Boroitoli (Near Masjid),24.9470533,92.5667217,250.0,2,133,102.21,48.1,57.4,8,False,0.1686,93,normal,31.8,95.0,0.2,12.9,False,2026-07-10T09:28:16.961600+00:00
117,117-NATANPUR,24.948529,92.5645731,16.0,2,133,8.51,62.6,68.0,11,True,0.3017,86,normal,31.8,95.0,0.2,12.9,False,2026-07-10T09:28:16.961600+00:00
118,118-DIGABUR BASTI,24.9489022,92.5536784,100.0,2,133,43.61,51.3,59.0,33,False,0.733,71,critical,31.5,93.0,0.1,15.6,False,2026-07-10T09:28:16.961600+00:00
120,120-BHAIRABPUR-V (NEAR KAKRAKHAL),24.9669217,92.5540773,100.0,2,133,54.65,64.3,67.0,12,False,0.32,84,normal,30.5,96.0,0.1,12.8,False,2026-07-10T09:28:16.961600+00:00
121,121-BHAIRABPUR-III HILUATILLA,24.93532,92.539665,16.0,2,133,7.22,53.1,60.3,7,False,0.159,94,normal,31.5,93.0,0.1,15.6,False,2026-07-10T09:28:16.961600+00:00
125,125-SALIMABAD,24.9386353,92.527886,25.0,2,133,12.77,60.1,65.5,19,False,0.4828,81,normal,31.5,93.0,0.1,15.6,False,2026-07-10T09:28:16.961600+00:00
126,126-KAKRAKHAL,24.9723066,92.5564977,250.0,2,133,121.12,57.0,61.3,19,True,0.3219,87,normal,30.5,96.0,0.1,12.8,False,2026-07-10T09:28:16.961600+00:00
128,128-KHELMA-VI,24.946875,92.47223,25.0,2,133,18.45,86.8,88.5,14,False,0.99,22,critical,31.5,93.0,0.1,15.6,False,2026-07-10T09:28:16.961600+00:00
130,130-KHELMA VIII,24.9775874,92.5293892,250.0,2,133,174.89,82.3,82.5,5,False,0.6361,45,warning,30.5,96.0,0.1,12.8,False,2026-07-10T09:28:16.961600+00:00
132,132-BHUBANESWARNAGAR,24.9292817,92.6465267,250.0,9,133,113.69,53.5,61.1,8,True,0.1686,93,normal,31.8,95.0,0.2,12.9,False,2026-07-10T09:28:16.961600+00:00
133,133-PAIKAN 25 kVA,24.9788613,92.5263126,25.0,5,133,9.84,46.3,53.9,12,False,0.2133,91,normal,30.5,96.0,0.1,12.8,False,2026-07-10T09:28:16.961600+00:00
134,134-TARAPUR ULLAKHAL,24.9739033,92.5473926,100.0,2,133,54.15,63.7,66.5,16,False,0.4048,81,normal,30.5,96.0,0.1,12.8,False,2026-07-10T09:28:16.961600+00:00
135,Paikan (Near Masjid),24.9774788,92.5120053,100.0,2,133,46.07,54.2,59.3,23,True,0.4072,84,normal,30.5,96.0,0.1,12.8,False,2026-07-10T09:28:16.961600+00:00
139,139-KOROCHURA 63KVA,24.9758216,92.5355262,63.0,2,133,35.66,66.6,68.8,28,True,0.8195,62,critical,30.5,96.0,0.1,12.8,False,2026-07-10T09:28:16.961600+00:00
140,140-KHELMA 16KV,24.9730496,92.5161298,63.0,2,133,34.97,65.3,67.8,11,False,0.3017,84,normal,30.5,96.0,0.1,12.8,False,2026-07-10T09:28:16.961600+00:00
141,141-KHELMA-III VII,24.9605042,92.501977,16.0,2,133,9.89,72.7,73.9,26,False,0.7286,57,critical,30.5,96.0,0.1,12.8,False,2026-07-10T09:28:16.961600+00:00
142,142-KHLMA,24.9785554,92.5192671,250.0,2,133,104.97,49.4,55.9,33,True,0.733,71,critical,30.5,96.0,0.1,12.8,False,2026-07-10T09:28:16.961600+00:00
144,144-KHELMA II,24.9573254,92.4979798,16.0,2,133,6.39,47.0,54.3,16,False,0.2698,89,normal,30.5,96.0,0.1,12.8,False,2026-07-10T09:28:16.961600+00:00
145,145-SADIRKHAL BAZAR,24.9518244,92.4867608,63.0,2,133,37.81,70.6,73.9,8,False,0.2529,78,normal,31.5,93.0,0.1,15.6,False,2026-07-10T09:28:16.961600+00:00
146,146-JALALPUR KUSIERKUL,24.992735,92.457385,100.0,2,133,57.2,67.3,69.9,27,False,0.7727,64,critical,30.8,97.0,0.0,12.9,False,2026-07-10T09:28:16.961600+00:00
147,147-TARAPUR,24.9917083,92.4432209,16.0,2,133,5.97,43.9,52.9,16,False,0.2698,89,normal,30.8,97.0,0.0,12.9,False,2026-07-10T09:28:16.961600+00:00
148,148-LEVERPUTA,24.945659,92.4661563,16.0,2,133,2.94,21.6,42.3,13,False,0.4524,82,normal,31.5,95.0,0.0,14.9,True,2026-07-10T09:28:16.961600+00:00
150,150-dudpur-63-kva,24.8731221,92.6737717,100.0,7,133,54.91,64.6,69.7,17,False,0.8585,62,critical,31.9,92.0,0.1,11.3,True,2026-07-10T09:28:16.961600+00:00
151,151-SARASPUR,24.975134,92.4996664,100.0,2,133,39.52,46.5,54.0,24,True,0.4318,83,normal,30.5,96.0,0.1,12.8,False,2026-07-10T09:28:16.961600+00:00
153,153-KHELMA,24.9833766,92.5292307,100.0,2,133,47.94,56.4,60.9,14,False,0.2399,90,normal,30.5,96.0,0.1,12.8,False,2026-07-10T09:28:16.961600+00:00
155,155-RAJPUR 63 KVA,24.9889367,92.4918183,100.0,2,133,59.33,69.8,71.5,6,False,0.2249,82,normal,30.5,96.0,0.1,12.8,False,2026-07-10T09:28:16.961600+00:00
156,156-TALKARGRANT,24.9884867,92.4744267,100.0,2,133,81.77,96.2,96.0,9,True,0.99,7,critical,30.5,96.0,0.1,12.8,False,2026-07-10T09:28:16.961600+00:00
157,157-MAHADEVPUR RGGVY,24.9730315,92.4644123,25.0,2,133,12.81,60.3,64.4,15,True,0.3817,85,normal,30.8,97.0,0.0,12.9,False,2026-07-10T09:28:16.961600+00:00
159,Paikan,24.9794743,92.5162463,100.0,2,133,49.64,58.4,62.4,23,True,0.4072,84,normal,30.5,96.0,0.1,12.8,False,2026-07-10T09:28:16.961600+00:00
160,160-PEERNAGAR,24.9745778,92.4590091,100.0,2,133,73.7,86.7,87.2,16,False,0.99,23,critical,30.8,97.0,0.0,12.9,False,2026-07-10T09:28:16.961600+00:00
162,162-Mahadevpur,24.958411,92.4790336,25.0,2,133,13.07,61.5,64.8,16,True,0.4048,83,normal,30.5,96.0,0.1,12.8,False,2026-07-10T09:28:16.961600+00:00
164,Bhairabpur Part-I,24.9772193,92.5286137,63.0,2,133,35.18,65.7,68.1,10,False,0.2845,84,normal,30.5,96.0,0.1,12.8,False,2026-07-10T09:28:16.961600+00:00
165,165-Bhairabpur-i(25kva RGGVY),24.9651004,92.5453318,63.0,2,133,17.14,32.0,45.4,11,False,0.2011,92,normal,30.5,96.0,0.1,12.8,False,2026-07-10T09:28:16.961600+00:00
168,168-TARAPUR,24.9929052,92.4557199,100.0,2,133,61.88,72.8,74.6,7,True,0.2385,76,normal,30.8,97.0,0.0,12.9,False,2026-07-10T09:28:16.961600+00:00
169,169-SOUTH TARAPUR,24.9911767,92.4508667,25.0,2,133,17.96,84.5,85.1,14,False,0.99,27,critical,30.8,97.0,0.0,12.9,False,2026-07-10T09:28:16.961600+00:00
170,170-BISWAMBARPUR,24.999395,92.4441,63.0,2,133,37.75,70.5,72.6,22,True,0.5759,66,normal,30.8,97.0,0.0,12.9,False,2026-07-10T09:28:16.961600+00:00
171,171-16-Digabar TE,24.9491235,92.5537207,16.0,2,133,5.47,40.2,51.8,31,True,0.6517,74,normal,31.5,93.0,0.1,15.6,False,2026-07-10T09:28:16.961600+00:00
176,176-NIJ JALALPUR II,24.9690184,92.4455317,100.0,2,133,74.12,87.2,87.6,10,False,0.8534,28,critical,30.8,97.0,0.0,12.9,False,2026-07-10T09:28:16.961600+00:00
177,177-NIJ JALALPUR I,24.9688283,92.4418817,63.0,2,133,42.79,79.9,80.8,22,False,0.99,35,critical,30.8,97.0,0.0,12.9,False,2026-07-10T09:28:16.961600+00:00
178,178-KHELMA JALALPUR,24.9533152,92.4891377,25.0,2,133,6.88,32.4,47.4,10,False,0.1896,92,normal,31.5,93.0,0.1,15.6,False,2026-07-10T09:28:16.961600+00:00
180,180-KARABALAGRANT 16KVA,25.017396,92.4394882,16.0,2,133,7.28,53.5,59.3,17,True,0.2862,89,normal,30.8,97.0,0.0,12.9,False,2026-07-10T09:28:16.961600+00:00
181,181-GUMRAHGRANT 16KVA,24.9997368,92.438912,16.0,2,133,12.28,90.3,90.6,16,False,0.99,17,critical,30.8,97.0,0.0,12.9,False,2026-07-10T09:28:16.961600+00:00
187,187-BHAIRABPUR-V,24.9596713,92.5561959,63.0,2,133,32.45,60.6,64.1,20,True,0.5121,79,normal,30.5,96.0,0.1,12.8,False,2026-07-10T09:28:16.961600+00:00
190,190-BHAIRABPUR-I,24.96872,92.4374547,16.0,2,133,5.78,42.5,52.0,16,True,0.2698,89,normal,30.8,97.0,0.0,12.9,False,2026-07-10T09:28:16.961600+00:00
202,202-CHALIGRAM,24.9854924,92.5705834,16.0,5,133,9.67,71.1,73.5,11,False,0.3017,76,normal,31.0,96.0,0.1,12.8,False,2026-07-10T09:28:16.961600+00:00
203,203-DHUMKAR CHALIRGRAM,24.9753902,92.5707701,100.0,5,133,41.82,49.2,56.5,20,True,0.3414,86,normal,30.9,96.0,0.1,12.8,False,2026-07-10T09:28:16.961600+00:00
204,204-CHOLIGRAM 63KV,24.9812422,92.5660439,63.0,5,133,34.59,64.6,67.2,16,True,0.4048,80,normal,30.5,96.0,0.1,12.8,False,2026-07-10T09:28:16.961600+00:00
205,205-GOBINDOKUPA,24.9976379,92.5256959,25.0,5,133,14.71,69.2,71.0,11,False,0.3017,80,normal,30.5,96.0,0.1,12.8,False,2026-07-10T09:28:16.961600+00:00
206,206-MEZENTA A,24.9969822,92.5761275,25.0,5,133,11.5,54.1,58.7,9,False,0.3576,86,normal,30.2,92.0,0.2,10.5,True,2026-07-10T09:28:16.961600+00:00
208,208-soligram 63-kva,24.9753915,92.5700057,100.0,5,133,45.22,53.2,59.3,10,True,0.1896,92,normal,30.9,96.0,0.1,12.8,False,2026-07-10T09:28:16.961600+00:00
210,210-majanta-te-16-kva,24.9978367,92.5670533,16.0,5,133,6.15,45.2,53.1,14,False,0.2399,90,normal,30.5,96.0,0.1,12.8,False,2026-07-10T09:28:16.961600+00:00
212,212-mougram 16-kva,24.98784,92.5492533,16.0,5,133,3.71,27.3,43.0,78,False,0.99,60,critical,30.5,96.0,0.1,12.8,False,2026-07-10T09:28:16.961600+00:00
213,213-63-KVA,24.948225,92.6438217,63.0,9,133,42.73,79.8,82.5,30,False,0.99,33,critical,31.8,95.0,0.2,12.9,False,2026-07-10T09:28:16.961600+00:00
214,214-buranga-2--100 kVA,24.9509467,92.6202567,100.0,9,133,37.15,43.7,54.5,36,False,0.8743,65,critical,31.8,95.0,0.2,12.9,False,2026-07-10T09:28:16.961600+00:00
215,215-bELTILLA-16-kva,24.9953417,92.4941183,16.0,5,133,11.14,81.9,82.1,14,True,0.99,32,critical,30.5,96.0,0.1,12.8,False,2026-07-10T09:28:16.961600+00:00
220,220-GUMRAH BAZAR,24.9535133,92.5436405,250.0,2,133,108.38,51.0,58.8,12,False,0.2133,91,normal,31.5,93.0,0.1,15.6,False,2026-07-10T09:28:16.961600+00:00
222,Gumrah Kandigram (Near Sitaram Mandir),24.9717386,92.5116168,100.0,2,133,60.52,71.2,72.6,34,False,0.99,49,critical,30.5,96.0,0.1,12.8,False,2026-07-10T09:28:16.961600+00:00
225,225-DIGORKHAL,24.9899721,92.517014,25.0,5,133,11.33,53.3,58.7,12,False,0.2133,91,normal,30.5,96.0,0.1,12.8,False,2026-07-10T09:28:16.961600+00:00
229,229-RAJESHWARPUR II,24.9917735,92.4835377,16.0,5,133,10.69,78.6,79.1,29,False,0.8691,42,critical,30.5,96.0,0.1,12.8,False,2026-07-10T09:28:16.961600+00:00
230,230-megenta te 16-kva,24.9967802,92.5714094,16.0,5,133,9.28,68.2,71.0,12,False,0.32,80,normal,31.0,96.0,0.1,12.8,False,2026-07-10T09:28:16.961600+00:00
231,231-kalainchora-100-kva,25.0121901,92.5048747,25.0,5,133,14.79,69.6,71.3,9,True,0.2682,81,normal,30.5,96.0,0.1,12.8,False,2026-07-10T09:28:16.961600+00:00
233,233-SPPS65 LAKHICHERA,25.0232498,92.4868399,16.0,5,133,6.54,48.1,55.1,16,False,0.2698,89,normal,30.5,96.0,0.1,12.8,False,2026-07-10T09:28:16.961600+00:00
236,236-100 KVA KURKURI BHANGARPAR,24.9590683,92.5890967,100.0,1,133,54.23,63.8,68.5,14,False,0.3599,83,normal,31.6,95.0,0.2,12.9,False,2026-07-10T09:28:16.961600+00:00
241,241-BATULMARAGRANT J.T.E,24.9997139,92.4609219,25.0,5,133,16.98,79.9,80.8,11,False,0.5431,53,warning,30.8,97.0,0.0,12.9,False,2026-07-10T09:28:16.961600+00:00
244,244-DUMKAR- SP-60 100 kVA,24.9677633,92.576205,100.0,2,133,61.03,71.8,75.1,9,False,0.2682,75,normal,31.6,95.0,0.2,12.9,False,2026-07-10T09:28:16.961600+00:00
245,245-JALALPUR BAZAR,25.0009083,92.4550533,250.0,5,133,107.1,50.4,57.2,17,True,0.2862,89,normal,30.8,97.0,0.0,12.9,False,2026-07-10T09:28:16.961600+00:00
246,246-63-KVA,24.9869241,92.5360573,63.0,5,133,40.48,75.6,76.4,22,False,0.5759,59,warning,30.5,96.0,0.1,12.8,False,2026-07-10T09:28:16.961600+00:00
247,Punaparagrant mikirpunji1,24.9925378,92.5492918,16.0,5,133,3.69,27.1,42.9,25,True,0.458,82,normal,30.5,96.0,0.1,12.8,False,2026-07-10T09:28:16.961600+00:00
249,Gonirgram-iii,24.8481474,92.6604985,25.0,7,133,14.83,69.8,74.0,18,False,0.9105,52,critical,31.9,92.0,0.1,11.3,True,2026-07-10T09:28:16.961600+00:00
257,Kalinagar-1,24.8709933,92.6136883,63.0,7,133,23.72,44.3,53.1,10,False,0.1896,92,normal,30.8,95.0,0.1,13.6,False,2026-07-10T09:28:16.961600+00:00
258,Gonigram-iii,24.8565724,92.6800705,25.0,7,133,11.09,52.2,60.4,28,False,0.99,60,critical,31.9,92.0,0.1,11.3,True,2026-07-10T09:28:16.961600+00:00
260,Gonigram-iv,24.8692375,92.6950907,16.0,7,133,7.98,58.7,65.1,14,False,0.4798,81,normal,31.9,92.0,0.1,11.3,True,2026-07-10T09:28:16.961600+00:00
263,Katirail T.E,24.9238133,92.5935917,25.0,8,133,6.86,32.3,47.9,24,False,0.4318,83,normal,31.8,95.0,0.2,12.9,False,2026-07-10T09:28:16.961600+00:00
264,Craigpark -4 NO Basti,25.013576,92.5176831,25.0,5,133,14.98,70.5,72.1,31,False,0.9775,51,critical,30.5,96.0,0.1,12.8,False,2026-07-10T09:28:16.961600+00:00
267,Tarinipur-iii,24.8717246,92.6329332,25.0,7,133,14.15,66.6,69.4,26,True,0.7286,66,critical,30.8,95.0,0.1,13.6,False,2026-07-10T09:28:16.961600+00:00
303,303-Menum Mikirpunji 25 kVA,25.000872,92.5033323,25.0,5,133,12.18,57.3,61.6,14,False,0.2399,90,normal,30.5,96.0,0.1,12.8,False,2026-07-10T09:28:16.961600+00:00
306,306-KURKURI/BHANGARPAR,24.9568633,92.595415,100.0,1,133,83.22,97.9,99.7,12,False,0.99,2,critical,31.6,95.0,0.2,12.9,False,2026-07-10T09:28:16.961600+00:00
307,Monipur-1 16 kVA,24.9542333,92.599904,16.0,1,133,7.22,53.1,60.8,16,False,0.2698,89,normal,31.8,95.0,0.2,12.9,False,2026-07-10T09:28:16.961600+00:00
308,Sundhura near Kalain Bagan down,24.980374,92.5768837,100.0,3,133,63.58,74.8,77.7,15,True,0.3817,66,normal,31.6,95.0,0.2,12.9,False,2026-07-10T09:28:16.961600+00:00
311,311-Behara Pt V (Kalacheri) (Dindayal) DT- 1,24.9108265,92.6196087,63.0,6,133,32.77,61.2,66.9,26,False,0.7286,70,critical,31.8,95.0,0.2,12.9,False,2026-07-10T09:28:16.961600+00:00
324,324-Chandinagar 25 kva(Dindayal),24.9182855,92.4990599,25.0,8,133,12.56,59.1,64.7,25,False,0.458,82,normal,31.5,93.0,0.1,15.6,False,2026-07-10T09:28:16.961600+00:00
327,327-Rongpur 25 kva(Dindayal),24.9793367,92.4243933,25.0,2,133,7.71,36.3,48.3,7,True,0.159,94,normal,30.8,97.0,0.0,12.9,False,2026-07-10T09:28:16.961600+00:00
328,328-Gobindapur-I 25 kva(Dindayal),24.9158295,92.6124281,25.0,6,133,13.94,65.6,70.4,17,False,0.4293,78,normal,31.8,95.0,0.2,12.9,False,2026-07-10T09:28:16.961600+00:00
331,331- Madar Pur (Dindayal) DT-1,24.8749171,92.5227254,25.0,8,133,7.18,33.8,46.0,16,True,0.2698,89,normal,30.3,95.0,0.1,16.6,False,2026-07-10T09:28:16.961600+00:00
333,333-Kalainchera-63- KVA,25.0121931,92.5071962,100.0,5,133,74.38,87.5,87.4,9,False,0.8047,30,critical,30.5,96.0,0.1,12.8,False,2026-07-10T09:28:16.961600+00:00
335,335-VITORKUL-16-KVA,24.991835,92.5424317,16.0,5,133,9.3,68.4,70.3,16,False,0.4048,77,normal,30.5,96.0,0.1,12.8,False,2026-07-10T09:28:16.961600+00:00
341,341-BANGARPAR BAZAR,24.9221483,92.6591983,100.0,9,133,42.84,50.4,59.0,5,True,0.1414,94,normal,31.8,95.0,0.2,12.9,False,2026-07-10T09:28:16.961600+00:00
342,342-BHANGARPAR IV,24.9221694,92.6618018,100.0,9,133,47.94,56.4,63.2,11,True,0.4023,84,normal,31.8,92.0,0.2,9.3,True,2026-07-10T09:28:16.961600+00:00
347,347-Chandpur V 25 kva(Dindayal),24.8802459,92.6890964,25.0,9,133,16.23,76.4,79.7,10,True,0.5689,55,warning,31.9,92.0,0.1,11.3,True,2026-07-10T09:28:16.961600+00:00
350,350-Sonapur,24.8843978,92.6899701,63.0,9,133,34.43,64.3,69.5,13,True,0.6787,70,normal,31.9,92.0,0.1,11.3,True,2026-07-10T09:28:16.961600+00:00
352,352-BIAKIMPUNJI-25-KVA,25.0206801,92.4596856,16.0,5,133,8.45,62.1,65.8,11,True,0.3017,86,normal,30.8,97.0,0.0,12.9,False,2026-07-10T09:28:16.961600+00:00
353,353-BOLASHARGRANT-16-.KVA,25.0046169,92.4539044,63.0,5,133,20.62,38.5,49.6,26,False,0.4857,81,normal,30.8,97.0,0.0,12.9,False,2026-07-10T09:28:16.961600+00:00
354,354-BISWAMBERPUR,25.0214017,92.4730373,100.0,5,133,49.05,57.7,61.9,19,True,0.3219,87,normal,30.5,96.0,0.1,12.8,False,2026-07-10T09:28:16.961600+00:00
357,357-10 KVA,25.0167264,92.491598,10.0,5,133,6.81,80.1,80.5,16,True,0.99,35,critical,30.5,96.0,0.1,12.8,False,2026-07-10T09:28:16.961600+00:00
358,358-BALESWARGRANT,25.0063696,92.4527822,16.0,5,133,9.89,72.7,74.5,15,True,0.3817,71,normal,30.8,97.0,0.0,12.9,False,2026-07-10T09:28:16.961600+00:00
359,359-BALESWARGRANT,25.0232986,92.4914376,16.0,5,133,11.49,84.5,84.5,29,False,0.99,28,critical,30.5,96.0,0.1,12.8,False,2026-07-10T09:28:16.961600+00:00
361,361-CHANDPUR II,24.8894184,92.6716817,16.0,9,133,9.0,66.2,70.8,13,True,0.6787,67,normal,31.8,92.0,0.2,9.3,True,2026-07-10T09:28:16.961600+00:00
362,362- GOBINDAKUPA,24.991042,92.5210683,63.0,5,133,34.7,64.8,67.4,25,True,0.687,69,normal,30.5,96.0,0.1,12.8,False,2026-07-10T09:28:16.961600+00:00
364,364-CHANDPUR,24.90004,92.663215,16.0,9,133,1.1,8.1,38.4,26,False,0.9714,61,critical,31.8,92.0,0.2,9.3,True,2026-07-10T09:28:16.961600+00:00
368,368-CHANDPUR III (BELAKONA),24.899173,92.6780843,63.0,9,133,13.12,24.5,44.1,16,False,0.5397,78,normal,31.8,92.0,0.2,9.3,True,2026-07-10T09:28:16.961600+00:00
369,369-CHANDPUR III,24.8925486,92.6711184,63.0,9,133,17.89,33.4,48.5,14,False,0.4798,81,normal,31.8,92.0,0.2,9.3,True,2026-07-10T09:28:16.961600+00:00
370,370-BHANGARPAR II,24.91913,92.6587917,100.0,9,133,54.65,64.3,69.3,16,False,0.4048,81,normal,31.8,95.0,0.2,12.9,False,2026-07-10T09:28:16.961600+00:00
374,374-RANGHAR III,24.9076133,92.6750183,25.0,9,133,14.22,66.9,71.4,11,True,0.6034,69,normal,31.8,92.0,0.2,9.3,True,2026-07-10T09:28:16.961600+00:00
375,375-BHANGARPAR IV,24.9116679,92.6710812,63.0,9,133,31.81,59.4,65.5,20,True,0.6827,73,normal,31.8,92.0,0.2,9.3,True,2026-07-10T09:28:16.961600+00:00
377,377-BHEWARPAR,24.9114717,92.668865,63.0,9,133,22.38,41.8,53.3,16,True,0.5397,78,normal,31.8,92.0,0.2,9.3,True,2026-07-10T09:28:16.961600+00:00
378,Bhangarpar IV (Near Police Outpost),24.9159429,92.6652852,63.0,9,133,31.54,58.9,65.1,28,False,0.99,60,critical,31.8,92.0,0.2,9.3,True,2026-07-10T09:28:16.961600+00:00
379,379- Digorkhal Bazar,24.9975538,92.5164057,250.0,5,133,154.7,72.8,74.0,13,False,0.3393,73,normal,30.5,96.0,0.1,12.8,False,2026-07-10T09:28:16.961600+00:00
384,384-CHANDPUR,24.9937032,92.5197963,25.0,1,133,11.35,53.4,58.7,15,True,0.2544,90,normal,30.5,96.0,0.1,12.8,False,2026-07-10T09:28:16.961600+00:00
385,385-SONAPUR,24.9055355,92.6677673,100.0,9,133,55.25,65.0,69.9,45,False,0.99,57,critical,31.8,92.0,0.2,9.3,True,2026-07-10T09:28:16.961600+00:00
386,386- KAYAJANI BASTI,24.9863721,92.5438292,25.0,5,133,17.19,80.9,81.2,15,False,0.99,34,critical,30.5,96.0,0.1,12.8,False,2026-07-10T09:28:16.961600+00:00
387,387-16-SEWTI,25.0135693,92.5099502,16.0,5,133,9.22,67.8,69.8,6,False,0.2249,85,normal,30.5,96.0,0.1,12.8,False,2026-07-10T09:28:16.961600+00:00
388,388-CHANDPUR II,24.891385,92.6665767,63.0,9,133,26.03,48.6,57.7,20,False,0.6827,73,normal,31.8,92.0,0.2,9.3,True,2026-07-10T09:28:16.961600+00:00
390,390-BHANGARPAR II,24.9150517,92.6500117,63.0,9,133,30.9,57.7,64.2,7,False,0.159,94,normal,31.8,95.0,0.2,12.9,False,2026-07-10T09:28:16.961600+00:00
391,391-tingourI,24.939965,92.63556,63.0,9,133,37.86,70.7,74.6,8,True,0.2529,77,normal,31.8,95.0,0.2,12.9,False,2026-07-10T09:28:16.961600+00:00
392,392-SEWTI IV,24.9167167,92.6487085,63.0,9,133,24.74,46.2,56.1,19,False,0.3219,87,normal,31.8,95.0,0.2,12.9,False,2026-07-10T09:28:16.961600+00:00
394,394-16 KVA BARJATRAPUR,24.8945492,92.69898,25.0,9,133,10.09,47.5,57.0,34,False,0.99,60,critical,31.8,92.0,0.2,9.3,True,2026-07-10T09:28:16.961600+00:00
396,396-HIYERBOND-II,24.9057083,92.6912517,63.0,9,133,14.19,26.5,45.0,12,True,0.4266,83,normal,31.8,92.0,0.2,9.3,True,2026-07-10T09:28:16.961600+00:00
397,397-CHANDPUR III ( NEAR PETROL PUMP,24.9023721,92.6852968,63.0,9,133,31.65,59.1,65.3,25,True,0.916,63,critical,31.8,92.0,0.2,9.3,True,2026-07-10T09:28:16.961600+00:00
398,398-CHANDPUR IV- AKILTIKRI,24.8996317,92.69115,100.0,9,133,46.24,54.4,61.8,22,False,0.7679,69,critical,31.8,92.0,0.2,9.3,True,2026-07-10T09:28:16.961600+00:00
406,406-Kalain TE.,24.87701,92.525155,25.0,3,133,8.9,41.9,50.7,16,True,0.2698,89,normal,30.3,95.0,0.1,16.6,False,2026-07-10T09:28:16.961600+00:00
411,411- Tarinipur I(Dindayal) DT-2,24.8797644,92.6306206,25.0,7,133,10.22,48.1,55.6,4,False,0.1333,95,normal,30.8,95.0,0.1,13.6,False,2026-07-10T09:28:16.961600+00:00
412,412- Karai Kandi I (Pahar Tilla) (Dindayal) DT- 2,24.8998967,92.5346967,25.0,8,133,11.26,53.0,60.2,11,False,0.2011,92,normal,31.5,93.0,0.1,15.6,False,2026-07-10T09:28:16.961600+00:00
415,415- Behara Pt VI (Goralalpar) (Dindayal),24.9216062,92.6127752,25.0,6,133,8.84,41.6,53.2,9,False,0.1788,93,normal,31.8,95.0,0.2,12.9,False,2026-07-10T09:28:16.961600+00:00
416,416 Mahadevpur II(Dindayal 234),24.9698104,92.4664566,25.0,2,133,17.21,81.0,81.8,6,False,0.6746,45,warning,30.8,97.0,0.0,12.9,False,2026-07-10T09:28:16.961600+00:00
417,SALIGRAM( BOLoRAM)25KVA  ,24.9868137,92.5676464,25.0,5,133,15.96,75.1,76.9,22,False,0.5759,59,warning,31.0,96.0,0.1,12.8,False,2026-07-10T09:28:16.961600+00:00
418,418- Sewti Pt I (Santi Pt I) (Monkey Tillah) (Dindayal),24.9392267,92.6616033,25.0,9,133,9.31,43.8,54.6,9,False,0.3576,86,normal,31.8,92.0,0.2,9.3,True,2026-07-10T09:28:16.961600+00:00
420,420-RAJPUR-I,24.982069,92.5097038,25.0,2,133,14.09,66.3,68.6,26,False,0.7286,66,critical,30.5,96.0,0.1,12.8,False,2026-07-10T09:28:16.961600+00:00
425,425-Mahadevpur,24.9597646,92.4814827,25.0,2,133,17.47,82.2,82.4,13,True,0.99,31,critical,30.5,96.0,0.1,12.8,False,2026-07-10T09:28:16.961600+00:00
434,SALIGRAM (SORARPAR)BOLO-NANKI,24.9882245,92.5672927,25.0,5,133,17.06,80.3,81.6,17,True,0.99,34,critical,31.0,96.0,0.1,12.8,False,2026-07-10T09:28:16.961600+00:00
437,437 Talkargrant (Dinndayal),24.9881,92.4820433,25.0,2,133,18.96,89.2,89.0,14,True,0.99,20,critical,30.5,96.0,0.1,12.8,False,2026-07-10T09:28:16.961600+00:00
439,439 Talkargrant Mahadebpur (Dindayal),24.9908449,92.4637696,25.0,2,133,14.17,66.7,69.4,8,True,0.2529,85,normal,30.8,97.0,0.0,12.9,False,2026-07-10T09:28:16.961600+00:00
441,CHANDPUR-III,24.8879282,92.6755052,25.0,9,133,6.74,31.7,47.6,30,False,0.99,60,critical,31.8,92.0,0.2,9.3,True,2026-07-10T09:28:16.961600+00:00
445,445- Jagadishpur III (Bargoal) (Dindayal),24.9082989,92.5677021,16.0,8,133,6.3,46.3,56.2,8,False,0.1686,93,normal,31.8,95.0,0.2,12.9,False,2026-07-10T09:28:16.961600+00:00
447,447 Niz- Jalalpur III,24.9860917,92.5263133,63.0,2,133,20.24,37.8,48.6,20,True,0.3414,86,normal,30.5,96.0,0.1,12.8,False,2026-07-10T09:28:16.961600+00:00
448,448 Talkargrant (Dindayal),24.9970708,92.4813319,25.0,5,133,8.5,40.0,49.9,19,False,0.3219,87,normal,30.5,96.0,0.1,12.8,False,2026-07-10T09:28:16.961600+00:00
450,450- Karai Kandi I (Pahar Tilla) (Dindayal) DT- 1,24.894895,92.534905,25.0,8,133,15.55,73.2,76.2,16,False,0.4048,68,normal,31.5,93.0,0.1,15.6,False,2026-07-10T09:28:16.961600+00:00
452,VitorgongapurPt-i 25KVA,24.9435914,92.7130857,25.0,201,133,9.03,42.5,53.8,17,False,0.5724,77,normal,31.8,92.0,0.2,9.3,True,2026-07-10T09:28:16.961600+00:00
453,KHELMA PT-II,25.0205482,92.4800435,25.0,2,133,20.23,95.2,95.0,24,True,0.99,9,critical,30.5,96.0,0.1,12.8,False,2026-07-10T09:28:16.961600+00:00
455,Mahadevpur Pt-I (Sriguru Nagar)  25 KVA,24.9940235,92.4648439,25.0,2,133,12.54,59.0,63.4,37,True,0.9272,63,critical,30.8,97.0,0.0,12.9,False,2026-07-10T09:28:16.961600+00:00
457,457-Gobindapur-I (Purba Gobingapur) (Dindayal),24.9032183,92.6291663,25.0,6,133,8.33,39.2,51.8,37,False,0.9272,63,critical,31.8,95.0,0.2,12.9,False,2026-07-10T09:28:16.961600+00:00
459,459-BORAITALI-IV (DINDAYAL),24.9395733,92.56394,16.0,2,133,10.65,78.3,80.6,26,True,0.99,36,critical,31.5,93.0,0.1,15.6,False,2026-07-10T09:28:16.961600+00:00
461,461-TALKARGRANT (DINDAYAL),24.9882,92.4782,25.0,2,133,14.56,68.5,70.4,22,False,0.5759,70,normal,30.5,96.0,0.1,12.8,False,2026-07-10T09:28:16.961600+00:00
462,462- MANIPUR-I (DINDAYAL),24.9542733,92.5999867,25.0,1,133,14.51,68.3,72.6,10,True,0.2845,80,normal,31.8,95.0,0.2,12.9,False,2026-07-10T09:28:16.961600+00:00
468,468- Gumra Grant (Gumrah Gaon) (Dindayal),25.00333,92.4379412,25.0,2,133,10.56,49.7,56.7,26,False,0.4857,81,normal,30.8,97.0,0.0,12.9,False,2026-07-10T09:28:16.961600+00:00
470,Saidpur Pt I(nadirpar)  25KVA,24.9535454,92.4977021,63.0,8,133,31.76,59.3,64.9,8,True,0.1686,93,normal,31.5,93.0,0.1,15.6,False,2026-07-10T09:28:16.961600+00:00
471,Biswambarpur(Kushiarkul) 25KVA,24.9887397,92.4497036,25.0,2,133,21.34,100.4,100.9,9,False,0.99,0,critical,30.8,97.0,0.0,12.9,False,2026-07-10T09:28:16.961600+00:00
501,501-KATIRAIL TE,24.8950853,92.5848685,63.0,6,133,27.9,52.1,60.1,35,False,0.8244,67,critical,31.8,95.0,0.2,12.9,False,2026-07-10T09:28:16.961600+00:00
503,503-SIDDIPUR,24.8791867,92.5889313,63.0,6,133,31.33,58.5,63.0,15,False,0.2544,90,normal,30.8,95.0,0.1,13.6,False,2026-07-10T09:28:16.961600+00:00
504,504-KATIRAIL,24.9071669,92.5906105,250.0,6,133,110.29,51.9,60.0,16,True,0.2698,89,normal,31.8,95.0,0.2,12.9,False,2026-07-10T09:28:16.961600+00:00
505,505-SIDDIPUR,24.8799917,92.592355,250.0,6,133,101.36,47.7,55.3,20,False,0.3414,86,normal,30.8,95.0,0.1,13.6,False,2026-07-10T09:28:16.961600+00:00
506,506-KATIRAIL,24.8813983,92.5869067,250.0,6,133,117.72,55.4,60.7,13,False,0.2262,91,normal,30.8,95.0,0.1,13.6,False,2026-07-10T09:28:16.961600+00:00
507,507-NOON NAGAR,24.8948477,92.5933483,250.0,6,133,123.04,57.9,64.4,26,True,0.4857,81,normal,31.8,95.0,0.2,12.9,False,2026-07-10T09:28:16.961600+00:00
508,508-TIKARPARA,24.895545,92.5906833,250.0,6,133,126.44,59.5,65.6,24,False,0.4318,83,normal,31.8,95.0,0.2,12.9,False,2026-07-10T09:28:16.961600+00:00
509,509-SIDDESWAR,24.9204385,92.6071119,25.0,6,133,9.43,44.4,55.0,14,True,0.2399,90,normal,31.8,95.0,0.2,12.9,False,2026-07-10T09:28:16.961600+00:00
512,512-BEHARA VI (TINTIKRI),24.9172384,92.6116583,63.0,6,133,36.57,68.3,72.6,16,False,0.4048,75,normal,31.8,95.0,0.2,12.9,False,2026-07-10T09:28:16.961600+00:00
513,513-KATIRAIL TE,24.9246221,92.5872981,100.0,6,133,95.37,112.2,115.4,10,False,0.99,0,critical,31.8,95.0,0.2,12.9,False,2026-07-10T09:28:16.961600+00:00
514,514-NOONNAGAR,24.8898925,92.5946527,25.0,6,133,9.22,43.4,54.3,12,True,0.2133,91,normal,31.8,95.0,0.2,12.9,False,2026-07-10T09:28:16.961600+00:00
515,515-KATIRAIL,24.956905,92.5836833,100.0,6,133,53.8,63.3,68.5,14,False,0.3599,83,normal,31.8,95.0,0.2,12.9,False,2026-07-10T09:28:16.961600+00:00
516,516-MODUA,24.956765,92.5836719,100.0,6,133,46.41,54.6,61.9,7,False,0.159,94,normal,31.8,95.0,0.2,12.9,False,2026-07-10T09:28:16.961600+00:00
517,517-NOONNAGAR,24.9308471,92.5967586,100.0,6,133,33.57,39.5,51.9,14,True,0.2399,90,normal,31.8,95.0,0.2,12.9,False,2026-07-10T09:28:16.961600+00:00
519,519-HILARA-,24.9349393,92.595152,100.0,6,133,59.58,70.1,74.1,11,False,0.3017,76,normal,31.8,95.0,0.2,12.9,False,2026-07-10T09:28:16.961600+00:00
520,520-CHOUDHURY PARA,24.922148,92.6008619,25.0,6,133,12.45,58.6,64.9,5,False,0.1414,94,normal,31.8,95.0,0.2,12.9,False,2026-07-10T09:28:16.961600+00:00
521,521-Hilara pamp,24.9252267,92.5910217,63.0,6,133,14.24,26.6,45.1,20,True,0.3414,86,normal,31.8,95.0,0.2,12.9,False,2026-07-10T09:28:16.961600+00:00
522,522-Bihara-V Kolachoripar,24.9103985,92.6333258,25.0,6,133,13.32,62.7,68.0,27,True,0.7727,67,critical,31.8,95.0,0.2,12.9,False,2026-07-10T09:28:16.961600+00:00
523,523-CHELLAH,24.9054262,92.6318967,63.0,6,133,27.9,52.1,60.1,21,True,0.362,86,normal,31.8,95.0,0.2,12.9,False,2026-07-10T09:28:16.961600+00:00
524,524-LAKHIPUR III,24.9470206,92.588204,250.0,6,133,177.65,83.6,86.0,19,False,0.99,27,critical,31.8,95.0,0.2,12.9,False,2026-07-10T09:28:16.961600+00:00
525,525-CHABAGAN,24.8790639,92.5832123,250.0,6,133,133.66,62.9,66.4,39,False,0.99,58,critical,30.8,95.0,0.1,13.6,False,2026-07-10T09:28:16.961600+00:00
526,526-BOROITOLI-V SP-44,24.9285067,92.5863767,25.0,6,133,6.93,32.6,48.1,16,False,0.2698,89,normal,31.8,95.0,0.2,12.9,False,2026-07-10T09:28:16.961600+00:00
527,527-MOHANPUR-I,24.9110925,92.6023822,25.0,6,133,16.62,78.2,81.1,18,False,0.8195,42,critical,31.8,95.0,0.2,12.9,False,2026-07-10T09:28:16.961600+00:00
529,529-HILARA TE,24.9351707,92.5947399,16.0,6,133,7.4,54.4,61.8,8,False,0.1686,93,normal,31.8,95.0,0.2,12.9,False,2026-07-10T09:28:16.961600+00:00
530,530-LAKHIPUR-I,24.9609735,92.5743585,16.0,6,133,8.36,61.5,66.7,20,True,0.5121,78,normal,31.6,95.0,0.2,12.9,False,2026-07-10T09:28:16.961600+00:00
531,531-HILARA PUMP,24.9403662,92.5909925,100.0,6,133,39.44,46.4,56.3,21,False,0.362,86,normal,31.8,95.0,0.2,12.9,False,2026-07-10T09:28:16.961600+00:00
601,601-siddeshwar-63-kva,24.8770333,92.5772583,63.0,8,133,32.5,60.7,64.7,9,False,0.2682,89,normal,30.8,95.0,0.1,13.6,False,2026-07-10T09:28:16.961600+00:00
602,602-kathigorha-63-kva,24.8820036,92.5660643,100.0,8,133,46.15,54.3,59.9,30,True,0.6145,75,normal,30.8,95.0,0.1,13.6,False,2026-07-10T09:28:16.961600+00:00
603,603-charagibazar-250-kva,24.8812017,92.5551839,250.0,8,133,99.02,46.6,53.7,16,True,0.2698,89,normal,30.3,95.0,0.1,16.6,False,2026-07-10T09:28:16.961600+00:00
604,604-kathigorha-63-kva,24.8851333,92.5567267,63.0,8,133,18.42,34.4,48.5,9,True,0.1788,93,normal,31.5,93.0,0.1,15.6,False,2026-07-10T09:28:16.961600+00:00
605,605-KATIGORAH OLD 250,24.8776867,92.5687733,250.0,8,133,131.54,61.9,65.6,29,True,0.8691,64,critical,30.8,95.0,0.1,13.6,False,2026-07-10T09:28:16.961600+00:00
607,607-JAGADISHPUR 100,24.888185,92.5567798,100.0,8,133,63.75,75.0,77.7,53,False,0.99,41,critical,31.5,93.0,0.1,15.6,False,2026-07-10T09:28:16.961600+00:00
609,609-haritakar-16-kva,24.8880117,92.5122867,16.0,8,133,9.44,69.4,72.9,19,False,0.4828,71,normal,31.5,93.0,0.1,15.6,False,2026-07-10T09:28:16.961600+00:00
610,610-LATHIMARA-100-KVA,24.8811583,92.5552333,250.0,8,133,126.01,59.3,62.7,7,False,0.159,94,normal,30.3,95.0,0.1,16.6,False,2026-07-10T09:28:16.961600+00:00
611,Haritakar,24.883685,92.51593,25.0,8,133,12.43,58.5,62.1,8,True,0.1686,93,normal,30.3,95.0,0.1,16.6,False,2026-07-10T09:28:16.961600+00:00
612,612-LATHIMARA-16-KVA,24.8750363,92.5431181,16.0,8,133,9.94,73.1,73.9,5,False,0.212,78,normal,30.3,95.0,0.1,16.6,False,2026-07-10T09:28:16.961600+00:00
614,614-KATIGORAH II 100,24.9087452,92.5796577,100.0,8,133,54.91,64.6,69.5,8,True,0.2529,86,normal,31.8,95.0,0.2,12.9,False,2026-07-10T09:28:16.961600+00:00
615,615-KATHIGORHA-25-KVA-,24.9051417,92.577825,25.0,8,133,7.57,35.6,49.7,9,True,0.1788,93,normal,31.8,95.0,0.2,12.9,False,2026-07-10T09:28:16.961600+00:00
616,616-KATHIGORHA-16-KVA,24.9072967,92.5788033,63.0,8,133,20.46,38.2,51.2,13,False,0.2262,91,normal,31.8,95.0,0.2,12.9,False,2026-07-10T09:28:16.961600+00:00
619,619-niz kathigorha-16-kva,24.90034,92.5776933,16.0,8,133,9.72,71.5,75.2,13,False,0.3393,73,normal,31.8,95.0,0.2,12.9,False,2026-07-10T09:28:16.961600+00:00
623,623-JAGADISHPUR V 100,24.8987683,92.5589963,100.0,8,133,49.38,58.1,64.0,9,False,0.1788,93,normal,31.5,93.0,0.1,15.6,False,2026-07-10T09:28:16.961600+00:00
624,624-JAGADISHPUR IV 63,24.8918896,92.5681629,63.0,8,133,35.88,67.0,71.5,13,True,0.3393,80,normal,31.8,95.0,0.2,12.9,False,2026-07-10T09:28:16.961600+00:00
626,626-JAGADISHPUR IV 63,24.8974796,92.5680284,63.0,8,133,47.5,88.7,90.9,15,False,0.99,18,critical,31.8,95.0,0.2,12.9,False,2026-07-10T09:28:16.961600+00:00
629,629-LATHIMARA-100-KVA,24.8791514,92.5452838,100.0,8,133,55.84,65.7,67.7,19,False,0.4828,76,normal,30.3,95.0,0.1,16.6,False,2026-07-10T09:28:16.961600+00:00
631,631-KATHIGORHA-16-KVA,24.9000817,92.5736367,16.0,8,133,7.47,54.9,62.1,8,False,0.1686,93,normal,31.8,95.0,0.2,12.9,False,2026-07-10T09:28:16.961600+00:00
632,632-talitakar-63-kva,24.8835946,92.5251355,63.0,8,133,20.3,37.9,48.3,7,True,0.159,94,normal,30.3,95.0,0.1,16.6,False,2026-07-10T09:28:16.961600+00:00
634,634-CHANDINAGAR-16--KVA,24.9244727,92.4971552,16.0,8,133,7.71,56.7,62.9,6,True,0.1499,94,normal,31.5,93.0,0.1,15.6,False,2026-07-10T09:28:16.961600+00:00
635,635-JOGODISHPUR-16-KVA,24.9099724,92.5599661,16.0,8,133,5.02,36.9,49.9,30,False,0.6145,75,normal,31.5,93.0,0.1,15.6,False,2026-07-10T09:28:16.961600+00:00
637,637-CHANDINAGAR-1-16-KVA,24.9284735,92.5002039,16.0,8,133,7.4,54.4,61.2,16,True,0.2698,89,normal,31.5,93.0,0.1,15.6,False,2026-07-10T09:28:16.961600+00:00
640,640-HARINAGAR-63-KVA,24.8929134,92.4987646,63.0,8,133,32.08,59.9,65.3,22,False,0.384,85,normal,31.5,93.0,0.1,15.6,False,2026-07-10T09:28:16.961600+00:00
642,642-HORINAGAR II,24.8816267,92.5028967,63.0,8,133,39.41,73.6,74.3,5,True,0.212,77,normal,30.3,95.0,0.1,16.6,False,2026-07-10T09:28:16.961600+00:00
646,646-HARINAGAR II,24.88314,92.5033848,100.0,8,133,54.06,63.6,66.0,5,True,0.212,89,normal,30.3,95.0,0.1,16.6,False,2026-07-10T09:28:16.961600+00:00
1003,Chandpur-I (Nokyary) (Near PHE),24.8881058,92.6517365,25.0,7,133,12.71,59.8,65.8,12,False,0.2133,91,normal,31.8,95.0,0.2,12.9,False,2026-07-10T09:28:16.961600+00:00
1005,Chandpur-I ( Near Masjid),24.8866357,92.656414,25.0,7,133,9.5,44.7,55.2,23,False,0.4072,84,normal,31.8,95.0,0.2,12.9,False,2026-07-10T09:28:16.961600+00:00
1009,1009- Dudhpur Lamargram (Dindayal),24.8805672,92.6561599,25.0,7,133,22.08,103.9,104.5,19,True,0.99,0,critical,30.8,95.0,0.1,13.6,False,2026-07-10T09:28:16.961600+00:00
1010,1010-Lakhipur-III (Dindayal) DT-1,24.9022079,92.6348132,25.0,6,133,15.77,74.2,77.6,16,False,0.4048,66,normal,31.8,95.0,0.2,12.9,False,2026-07-10T09:28:16.961600+00:00
1014,1014-Khelma III (Dindayal),24.9632297,92.5064162,63.0,2,133,19.81,37.0,48.1,39,False,0.99,60,critical,30.5,96.0,0.1,12.8,False,2026-07-10T09:28:16.961600+00:00
1015,1015-Sarajpur (Daspara) (Dindayal),24.9656625,92.4871535,63.0,2,133,22.76,42.5,51.4,6,False,0.1499,94,normal,30.5,96.0,0.1,12.8,False,2026-07-10T09:28:16.961600+00:00
1016,1016-Paikan (Ujangram) (Dindayal),24.983425,92.5234193,25.0,5,133,8.5,40.0,49.9,12,False,0.2133,91,normal,30.5,96.0,0.1,12.8,False,2026-07-10T09:28:16.961600+00:00
1017,1017- Craigpark Mikir Punjee (Shivtilla) (Dindayal),25.0056752,92.5290112,25.0,5,133,7.33,34.5,46.7,16,False,0.2698,89,normal,30.5,96.0,0.1,12.8,False,2026-07-10T09:28:16.961600+00:00
1025,1025-Saidpur II (Kalibari) (Dindayal),24.9330799,92.4918628,25.0,8,133,9.88,46.5,55.8,8,False,0.1686,93,normal,31.5,93.0,0.1,15.6,False,2026-07-10T09:28:16.961600+00:00
1028,1028- Baraitoli Pt IV (Dindayal) DT-1,24.92543,92.5728383,100.0,2,133,43.61,51.3,59.6,28,False,0.5463,78,normal,31.8,95.0,0.2,12.9,False,2026-07-10T09:28:16.961600+00:00
1029,1029- Baraitoli Pt IV (Dindayal) DT-2,24.9230216,92.5676126,25.0,2,133,13.47,63.4,68.6,14,False,0.3599,83,normal,31.8,95.0,0.2,12.9,False,2026-07-10T09:28:16.961600+00:00
1032,1032- Mahadevpur (Talkargrant) (Dindayal),24.9889745,92.4697754,25.0,2,133,13.05,61.4,65.2,9,False,0.2682,88,normal,30.8,97.0,0.0,12.9,False,2026-07-10T09:28:16.961600+00:00
1033,1033- Mahanpur (Near Samsul House) DT- 2,24.9120345,92.6110038,25.0,6,133,13.39,63.0,68.3,13,False,0.3393,84,normal,31.8,95.0,0.2,12.9,False,2026-07-10T09:28:16.961600+00:00
1034,1034-Bhairabpur II (16 kva),24.9371434,92.5374317,16.0,2,133,6.91,50.8,58.7,18,True,0.3035,88,normal,31.5,93.0,0.1,15.6,False,2026-07-10T09:28:16.961600+00:00
1037,1037- Sewti Pt IV (Dindayal),24.9076933,92.6451983,63.0,9,133,22.54,42.1,53.5,9,True,0.1788,93,normal,31.8,95.0,0.2,12.9,False,2026-07-10T09:28:16.961600+00:00
1038,1038- Bhairabpr I (Near M E School) (SOUBHAGYA),24.9555573,92.5450503,100.0,2,133,64.09,75.4,76.3,12,True,0.32,69,normal,30.5,96.0,0.1,12.8,False,2026-07-10T09:28:16.961600+00:00
1042,1042- Dudpur II (SANJOG),24.8600232,92.6782089,25.0,7,133,11.09,52.2,60.4,27,True,0.99,60,critical,31.9,92.0,0.1,11.3,True,2026-07-10T09:28:16.961600+00:00
1045,1045- Sraspur (SANJOG),24.9638836,92.4855904,25.0,2,133,12.22,57.5,61.7,10,False,0.1896,92,normal,30.5,96.0,0.1,12.8,False,2026-07-10T09:28:16.961600+00:00
1047,1047- Lahamali (SANJOG) 25,24.8852686,92.5550845,25.0,8,133,18.23,85.8,87.6,14,True,0.99,23,critical,31.5,93.0,0.1,15.6,False,2026-07-10T09:28:16.961600+00:00
1048,1048- Mahadevpur III,24.9576767,92.4696317,25.0,2,133,14.43,67.9,70.4,15,False,0.3817,78,normal,30.8,97.0,0.0,12.9,False,2026-07-10T09:28:16.961600+00:00
1049,1049- Bhangarpar III & IV,24.91478,92.660075,25.0,9,133,12.43,58.5,64.8,10,False,0.1896,92,normal,31.8,95.0,0.2,12.9,False,2026-07-10T09:28:16.961600+00:00
1057,1057- Buribail III,24.870244,92.723572,25.0,7,133,9.78,46.0,56.2,9,True,0.3576,86,normal,31.9,92.0,0.1,11.3,True,2026-07-10T09:28:16.961600+00:00
1059,1059- Khelma II (SANJOG),24.9638576,92.4897577,25.0,2,133,11.79,55.5,60.2,25,False,0.458,82,normal,30.5,96.0,0.1,12.8,False,2026-07-10T09:28:16.961600+00:00
2009,Lakhipur III (Near Manipuri Mandir),24.9432283,92.5897883,25.0,6,133,9.5,44.7,55.2,10,False,0.1896,92,normal,31.8,95.0,0.2,12.9,False,2026-07-10T09:28:16.961600+00:00
2010,Lakhipur II (Near Gas Agency),24.9518193,92.5868498,25.0,6,133,13.47,63.4,68.6,10,False,0.2845,86,normal,31.8,95.0,0.2,12.9,False,2026-07-10T09:28:16.961600+00:00
2013,Barailtoli (Hilarkandi) (Near Itt Bhatta),24.9480118,92.5799013,63.0,6,133,33.74,63.0,68.3,26,True,0.7286,69,critical,31.8,95.0,0.2,12.9,False,2026-07-10T09:28:16.961600+00:00
2014,Mohanpur II (Near ONGC),24.8912615,92.5928227,25.0,6,133,14.24,67.0,71.5,9,False,0.2682,83,normal,31.8,95.0,0.2,12.9,False,2026-07-10T09:28:16.961600+00:00
2015,Mohanpur II (Khanjalla),24.8947567,92.586095,25.0,6,133,13.39,63.0,68.3,14,False,0.3599,83,normal,31.8,95.0,0.2,12.9,False,2026-07-10T09:28:16.961600+00:00
2016,Khelma-IV(DDUGJY),24.9217317,92.601031,63.0,2,133,27.9,52.1,60.1,7,False,0.159,94,normal,31.8,95.0,0.2,12.9,False,2026-07-10T09:28:16.961600+00:00
2017,Chandpur II (Near Natun LP School),24.8890067,92.6663333,25.0,9,133,5.48,25.8,44.7,10,False,0.3793,85,normal,31.8,92.0,0.2,9.3,True,2026-07-10T09:28:16.961600+00:00
2034,Tikarbosti(NearIOC)25KVA,24.9449015,92.7173748,25.0,201,133,12.39,58.3,64.7,20,False,0.6827,73,normal,31.8,92.0,0.2,9.3,True,2026-07-10T09:28:16.961600+00:00
2039,SONAPUR III(MOROITOL)63KVA,24.9321317,92.6898139,63.0,201,133,25.44,47.5,57.0,11,True,0.4023,84,normal,31.8,92.0,0.2,9.3,True,2026-07-10T09:28:16.961600+00:00
2041,SonapurPTI(Kunagram)25KVA,24.9371133,92.6760321,25.0,201,133,7.37,34.7,49.2,14,False,0.4798,81,normal,31.8,92.0,0.2,9.3,True,2026-07-10T09:28:16.961600+00:00
2042,SunapurPT-i(NearSchool)25KVA,24.9368481,92.6729154,25.0,201,133,12.49,58.8,65.0,9,True,0.3576,86,normal,31.8,92.0,0.2,9.3,True,2026-07-10T09:28:16.961600+00:00
2045,Sonapur PT I(Dispur) 100 kva,24.9338483,92.6674865,100.0,201,133,45.56,53.6,61.2,21,True,0.7241,71,critical,31.8,92.0,0.2,9.3,True,2026-07-10T09:28:16.961600+00:00
2068,Bhangarpar IV,24.9190483,92.66124,63.0,9,133,25.06,46.8,56.5,15,False,0.2544,90,normal,31.8,95.0,0.2,12.9,False,2026-07-10T09:28:16.961600+00:00
2072,Khelma-III(Near Kali Mandir),24.9609532,92.5036777,25.0,2,133,16.28,76.6,77.3,8,False,0.2529,70,normal,30.5,96.0,0.1,12.8,False,2026-07-10T09:28:16.961600+00:00
2073,Rajpur Talkar grant 2,24.9887754,92.4840191,25.0,2,133,15.02,70.7,72.2,20,False,0.5121,69,normal,30.5,96.0,0.1,12.8,False,2026-07-10T09:28:16.961600+00:00
2077,HARINAGAR PT II (NEW 25KVA),24.890085,92.497935,25.0,8,133,13.11,61.7,66.7,10,False,0.2845,87,normal,31.5,93.0,0.1,15.6,False,2026-07-10T09:28:16.961600+00:00
2078,25KVA KATIGORAH PT II NEAR SUKRITIPUR STATION,24.8978267,92.5732533,25.0,8,133,15.07,70.9,74.7,16,False,0.4048,71,normal,31.8,95.0,0.2,12.9,False,2026-07-10T09:28:16.961600+00:00
2079,Bhairabpur Pt II New 16 kVA,24.9331093,92.5384153,16.0,2,133,7.06,51.9,59.5,9,False,0.1788,93,normal,31.5,93.0,0.1,15.6,False,2026-07-10T09:28:16.961600+00:00
2081,BHAIRABPUR-II(SALIMABAD),24.9391749,92.532011,16.0,2,133,8.62,63.4,68.1,24,False,0.6478,72,normal,31.5,93.0,0.1,15.6,False,2026-07-10T09:28:16.961600+00:00
2082,HARINAGAR PT II NEAR MASJID 25KVA,24.88349,92.4976567,25.0,8,133,16.89,79.5,79.6,9,True,0.2682,65,normal,30.3,95.0,0.1,16.6,False,2026-07-10T09:28:16.961600+00:00
2084,CHANDINAGAR PT II NEAR LP SCHOOL 25,24.9218404,92.4947131,25.0,8,133,17.83,83.9,85.8,15,True,0.99,27,critical,31.5,93.0,0.1,15.6,False,2026-07-10T09:28:16.961600+00:00
2087,NANDIRPAR NEAR BSF CAMP,24.9540415,92.4975261,63.0,2,133,38.13,71.2,74.4,12,False,0.32,74,normal,31.5,93.0,0.1,15.6,False,2026-07-10T09:28:16.961600+00:00
2089,KUNAPARAGRANT,24.9901817,92.54935,16.0,5,133,7.67,56.4,60.9,19,False,0.3219,87,normal,30.5,96.0,0.1,12.8,False,2026-07-10T09:28:16.961600+00:00
2090,Lakhipur PT I (Near Baliuna),24.959521,92.5740704,25.0,6,133,18.23,85.8,87.8,30,True,0.99,23,critical,31.6,95.0,0.2,12.9,False,2026-07-10T09:28:16.961600+00:00
2091,Lakhipur PT I (Near Forest Gate),24.962372,92.578251,100.0,6,133,35.53,41.8,53.0,15,True,0.2544,90,normal,31.6,95.0,0.2,12.9,False,2026-07-10T09:28:16.961600+00:00
2092,LEVERPUTA II,24.9554018,92.4854721,16.0,2,133,6.91,50.8,58.7,15,False,0.2544,90,normal,31.5,93.0,0.1,15.6,False,2026-07-10T09:28:16.961600+00:00
2099,LEVERPUTA I,24.9460569,92.4629548,63.0,2,133,29.35,54.8,61.5,14,True,0.4798,81,normal,31.5,95.0,0.0,14.9,True,2026-07-10T09:28:16.961600+00:00
2103,JAGADISHPUR V,24.9026655,92.5598498,25.0,8,133,9.54,44.9,54.8,25,False,0.458,82,normal,31.5,93.0,0.1,15.6,False,2026-07-10T09:28:16.961600+00:00
2105,LEVERPUTA II,24.9482087,92.476852,25.0,2,133,14.26,67.1,71.0,17,True,0.4293,77,normal,31.5,93.0,0.1,15.6,False,2026-07-10T09:28:16.961600+00:00
2106,JAGADISHPUR V,24.893199,92.5580641,25.0,8,133,11.96,56.3,62.6,10,False,0.1896,92,normal,31.5,93.0,0.1,15.6,False,2026-07-10T09:28:16.961600+00:00
2108,RONGHAR I,24.9227016,92.6727785,25.0,9,133,3.72,17.5,41.2,15,False,0.5089,80,normal,31.8,92.0,0.2,9.3,True,2026-07-10T09:28:16.961600+00:00
2109,JALALPUR ( DONARPAR ),24.9753592,92.4544688,25.0,2,133,12.45,58.6,63.1,17,False,0.2862,89,normal,30.8,97.0,0.0,12.9,False,2026-07-10T09:28:16.961600+00:00
2110,JALALPUR ( DONARPAR ),24.9768917,92.4521483,63.0,2,133,32.77,61.2,65.1,12,False,0.32,86,normal,30.8,97.0,0.0,12.9,False,2026-07-10T09:28:16.961600+00:00
2111,Natanpur ongc,24.9953112,92.4313496,25.0,2,133,8.73,41.1,51.1,20,False,0.3414,86,normal,30.8,97.0,0.0,12.9,False,2026-07-10T09:28:16.961600+00:00
2113,DIGABOR GRANT,24.9454595,92.5485232,25.0,2,133,10.99,51.7,59.3,14,True,0.2399,90,normal,31.5,93.0,0.1,15.6,False,2026-07-10T09:28:16.961600+00:00
2119,khelma part ii,24.963094,92.4865513,25.0,2,133,14.68,69.1,70.9,11,True,0.3017,80,normal,30.5,96.0,0.1,12.8,False,2026-07-10T09:28:16.961600+00:00
2120,khelma part ii,24.9607826,92.4857204,25.0,2,133,13.11,61.7,64.9,10,False,0.2845,87,normal,30.5,96.0,0.1,12.8,False,2026-07-10T09:28:16.961600+00:00
2121,khrelma part ii,24.9576266,92.4866441,25.0,2,133,12.69,59.7,63.4,11,True,0.2011,92,normal,30.5,96.0,0.1,12.8,False,2026-07-10T09:28:16.961600+00:00
2122,GOALNAGAR,24.9591752,92.4823453,25.0,2,133,12.28,57.8,61.9,9,True,0.1788,93,normal,30.5,96.0,0.1,12.8,False,2026-07-10T09:28:16.961600+00:00
2128,NIZ FULBARI PART I,24.8712812,92.620134,25.0,7,133,10.35,48.7,56.0,12,True,0.2133,91,normal,30.8,95.0,0.1,13.6,False,2026-07-10T09:28:16.961600+00:00
2138,MAHADEVPUR III,24.9622032,92.471702,63.0,2,133,37.43,69.9,71.6,9,False,0.2682,80,normal,30.5,96.0,0.1,12.8,False,2026-07-10T09:28:16.961600+00:00
2140,barjatrapur(near public school),24.9024318,92.6922736,63.0,9,133,29.88,55.8,62.8,21,False,0.7241,71,critical,31.8,92.0,0.2,9.3,True,2026-07-10T09:28:16.961600+00:00
2141,barjatrapur bus stand,24.9030752,92.7054417,250.0,9,133,131.32,61.8,67.3,17,False,0.8585,64,critical,31.8,92.0,0.2,9.3,True,2026-07-10T09:28:16.961600+00:00
2142,NATANPUR  CHOUMATHA,24.9994617,92.4271217,25.0,2,133,18.93,89.1,89.5,24,True,0.99,19,critical,30.8,97.0,0.0,12.9,False,2026-07-10T09:28:16.961600+00:00
2144,GOKULNAGAR,25.0098,92.5022417,25.0,5,133,12.13,57.1,61.4,26,False,0.4857,81,normal,30.5,96.0,0.1,12.8,False,2026-07-10T09:28:16.961600+00:00
2152,NIZFULBARI-III DDUGJY-21,24.8495584,92.6481093,25.0,7,133,19.15,90.1,90.5,9,False,0.8047,25,critical,30.8,95.0,0.1,13.6,False,2026-07-10T09:28:16.961600+00:00
2160,CHANDPUR KANDIGRAM(NEAR JIO),24.8856517,92.6731217,25.0,9,133,14.39,67.7,72.2,12,True,0.6399,66,normal,31.9,92.0,0.1,11.3,True,2026-07-10T09:28:16.961600+00:00
2161,63 kVA CHANDIPUR New DDUGJY 21,24.9862174,92.5073947,25.0,2,133,9.39,44.2,52.5,19,True,0.3219,87,normal,30.5,96.0,0.1,12.8,False,2026-07-10T09:28:16.961600+00:00
2163,SIDDHESWAR PT II NEW DDUGJY21,24.8776801,92.5823275,25.0,8,133,10.01,47.1,54.9,16,False,0.2698,89,normal,30.8,95.0,0.1,13.6,False,2026-07-10T09:28:16.961600+00:00
2164,NATANPUR NEW DDUGJY 21,25.0029883,92.43447,63.0,2,133,27.36,51.1,57.6,10,False,0.1896,92,normal,30.8,97.0,0.0,12.9,False,2026-07-10T09:28:16.961600+00:00
2165,SEWTI PT I NEW DDUGJY21,24.9443043,92.655665,63.0,9,133,23.62,44.1,54.8,16,False,0.2698,89,normal,31.8,95.0,0.2,12.9,False,2026-07-10T09:28:16.961600+00:00
2166,SEWTI PT IV NEW DDUGJY21,24.9124983,92.6420833,63.0,9,133,15.8,29.5,46.5,13,False,0.2262,91,normal,31.8,95.0,0.2,12.9,False,2026-07-10T09:28:16.961600+00:00
2167,BOALCHERA NEW DDUGJY21,25.0071856,92.5626613,16.0,5,133,7.92,58.2,62.2,13,True,0.2262,91,normal,30.5,96.0,0.1,12.8,False,2026-07-10T09:28:16.961600+00:00
2176,HARINAGAR-II DDUGJY21,24.8844517,92.49575,25.0,8,133,12.03,56.6,60.7,33,True,0.733,71,critical,30.3,95.0,0.1,16.6,False,2026-07-10T09:28:16.961600+00:00
2177,HARINAGAR -III DDUGJY21,24.8828417,92.50572,25.0,8,133,9.35,44.0,52.0,10,False,0.1896,92,normal,30.3,95.0,0.1,16.6,False,2026-07-10T09:28:16.961600+00:00
2184,MOHONPUR-I DDUGJY21,24.9196555,92.5984742,63.0,6,133,34.43,64.3,69.3,24,False,0.6478,71,normal,31.8,95.0,0.2,12.9,False,2026-07-10T09:28:16.961600+00:00
2185,MOHANPUR-I DDUGJY21,24.9100576,92.6016071,25.0,6,133,17.64,83.0,85.5,23,True,0.99,28,critical,31.8,95.0,0.2,12.9,False,2026-07-10T09:28:16.961600+00:00
2191,DUDHPUR DDUGJY21,24.875515,92.6476307,25.0,7,133,11.3,53.2,59.1,12,True,0.2133,91,normal,30.8,95.0,0.1,13.6,False,2026-07-10T09:28:16.961600+00:00
2192,RONGPUR NEW DDUGJY21,24.9725504,92.4242925,25.0,2,133,13.03,61.3,65.1,17,False,0.4293,82,normal,30.8,97.0,0.0,12.9,False,2026-07-10T09:28:16.961600+00:00
2198,TINTIKRI DDUGJY21,24.917309,92.6142721,63.0,6,133,34.16,63.8,68.9,10,False,0.2845,86,normal,31.8,95.0,0.2,12.9,False,2026-07-10T09:28:16.961600+00:00
2199,GILATOLI 2NEW DDUGJY21,24.9954683,92.537,16.0,5,133,5.36,39.4,49.5,10,True,0.1896,92,normal,30.5,96.0,0.1,12.8,False,2026-07-10T09:28:16.961600+00:00
2204,SINGDUAR TE DDUGJY21,25.0015966,92.5956047,63.0,3,133,26.72,49.9,55.6,11,True,0.4023,84,normal,30.1,92.0,0.2,10.5,True,2026-07-10T09:28:16.961600+00:00
2209,GUMRAH GRANT DDUGJY21,24.991455,92.4406683,25.0,5,133,9.48,44.6,53.3,12,False,0.2133,91,normal,30.8,97.0,0.0,12.9,False,2026-07-10T09:28:16.961600+00:00
2210,BIHARA PT V DDUGJY21,24.9272683,92.6314067,63.0,9,133,34.7,64.8,69.7,50,False,0.99,57,critical,31.8,95.0,0.2,12.9,False,2026-07-10T09:28:16.961600+00:00
2211,BIHARA PT IV DDUGJY21,24.9297974,92.6323873,25.0,9,133,13.3,62.6,68.0,8,False,0.2529,88,normal,31.8,95.0,0.2,12.9,False,2026-07-10T09:28:16.961600+00:00
2212,RANGHAR PT III DDUGJY21,24.9062484,92.6820301,63.0,9,133,13.82,25.8,44.7,20,True,0.6827,73,normal,31.8,92.0,0.2,9.3,True,2026-07-10T09:28:16.961600+00:00
2213,BURIBAIL PT III DDUGJY21,24.8675967,92.715185,25.0,7,133,9.9,46.6,56.6,17,True,0.5724,77,normal,31.9,92.0,0.1,11.3,True,2026-07-10T09:28:16.961600+00:00
2214,NIZ FULBARI PT I DDUGJY21,24.86611,92.618435,25.0,7,133,10.82,50.9,57.5,27,False,0.5151,79,normal,30.8,95.0,0.1,13.6,False,2026-07-10T09:28:16.961600+00:00
2215,DIGHOR MOHADEVPUR DDUGJY21,25.0066933,92.4608483,25.0,5,133,9.31,43.8,52.8,31,False,0.6517,74,normal,30.8,97.0,0.0,12.9,False,2026-07-10T09:28:16.961600+00:00
2217,GOBINDAPUR PT III (MODANGONJ)DDUGJY21,24.8969587,92.6189981,16.0,7,133,7.67,56.4,63.2,7,False,0.159,94,normal,31.8,95.0,0.2,12.9,False,2026-07-10T09:28:16.961600+00:00
2218,Barjatrapur(Raninagar) 25 kva DDUGJY2021,24.909175,92.7104117,25.0,9,133,10.14,47.7,57.1,11,False,0.4023,84,normal,31.8,92.0,0.2,9.3,True,2026-07-10T09:28:16.961600+00:00
2219,DHOLCHERA PT I NEAR SS DDUGJY21,24.94619,92.679835,25.0,9,133,5.02,23.6,43.7,13,True,0.4524,82,normal,31.8,92.0,0.2,9.3,True,2026-07-10T09:28:16.961600+00:00
2222,kunapara grant near school,24.995745,92.5665652,16.0,5,133,8.57,63.0,65.9,20,True,0.5121,77,normal,30.5,96.0,0.1,12.8,False,2026-07-10T09:28:16.961600+00:00
2223,SARASAPUR 1 DDUGJY21,24.9809245,92.5015992,25.0,2,133,9.92,46.7,54.1,13,True,0.2262,91,normal,30.5,96.0,0.1,12.8,False,2026-07-10T09:28:16.961600+00:00
2228,TALKARGRANT MVI GATE DDUGJY21,25.0085243,92.5037911,25.0,5,133,12.35,58.1,62.2,26,False,0.4857,81,normal,30.5,96.0,0.1,12.8,False,2026-07-10T09:28:16.961600+00:00
2230,BELTILLA DDUGJY21,24.9963324,92.4924908,25.0,5,133,15.34,72.2,73.5,10,False,0.2845,76,normal,30.5,96.0,0.1,12.8,False,2026-07-10T09:28:16.961600+00:00
2237,NIZ HARITIKAR-II DDUGJY21,24.8823417,92.509835,25.0,8,133,15.66,73.7,74.4,5,True,0.212,77,normal,30.3,95.0,0.1,16.6,False,2026-07-10T09:28:16.961600+00:00
2238,SINGDUWAR 12 NO MIKIR PUNJEE DDUGJY21,25.0075833,92.6026483,25.0,3,133,10.22,48.1,53.1,8,False,0.3372,87,normal,29.4,92.0,0.2,10.5,True,2026-07-10T09:28:16.961600+00:00
2243,NATANPUR DDUGJY21,24.9949183,92.42745,25.0,2,133,8.42,39.6,50.2,14,True,0.2399,90,normal,30.8,97.0,0.0,12.9,False,2026-07-10T09:28:16.961600+00:00
2244,GOBINDAKUPA PAIKAN DDUGJY21,24.9844583,92.5173493,25.0,5,133,15.02,70.7,72.2,7,True,0.2385,80,normal,30.5,96.0,0.1,12.8,False,2026-07-10T09:28:16.961600+00:00
2246,DUDPUR LAMARGAM,24.8758644,92.6528798,25.0,7,133,10.14,47.7,55.3,19,True,0.3219,87,normal,30.8,95.0,0.1,13.6,False,2026-07-10T09:28:16.961600+00:00
2252,GUMRA BAGAAN,25.0175626,92.4736794,63.0,5,133,36.79,68.7,70.5,20,True,0.5121,72,normal,30.5,96.0,0.1,12.8,False,2026-07-10T09:28:16.961600+00:00
2255,BOROITOLI NEAR DIGABOR TE,24.9444695,92.5571892,16.0,2,133,9.42,69.3,72.8,8,False,0.2529,80,normal,31.5,93.0,0.1,15.6,False,2026-07-10T09:28:16.961600+00:00
