,Sub Div Code,Dtr No,DTR Name,Feeder No,Capacity,Latitude,Longitude,load,latitude,longitude,temperature_c,humidity_pct,precipitation_mm,windspeed_kmh,weather_code,is_severe_weather
0,133,18,018-paikan,5,100 kVA,24.9823071,92.5210001,56.39,24.9823071,92.5210001,30.5,96.0,0.1,12.8,51,False
1,133,44,044-KHELMA,2,63  kVA,24.9536851,92.4990678,58.06,24.9536851,92.4990678,31.5,93.0,0.1,15.6,51,False
2,133,46,046-CRAIGPARK,5,63  kVA,25.008613,92.5257821,48.92,25.008613,92.5257821,30.5,96.0,0.1,12.8,51,False
3,133,50,050-9BPL II,2,25  kVA,24.999775,92.4433517,9.28,24.999775,92.4433517,30.8,97.0,0.0,12.9,53,False
4,133,54,054-BPR 1,9,63  kVA,24.9079803,92.6735551,26.6,24.9079803,92.6735551,31.8,92.0,0.2,9.3,95,True
5,133,55,055-BPR1,9,63  kVA,24.9283744,92.6523529,60.660000000000004,24.9283744,92.6523529,31.8,95.0,0.2,12.9,55,False
6,133,57,057-CHANDPUR III,9,100 kVA,24.9056361,92.6751281,34.8,24.9056361,92.6751281,31.8,92.0,0.2,9.3,95,True
7,133,102,Kalain Bazar (Near FRU),2,250 kVA,24.9678249,92.5729239,401.32,24.9678249,92.5729239,31.6,95.0,0.2,12.9,55,False
8,133,103,Kalain Bazar (Near Gas Agency),1,100 kVA,24.965162,92.5757561,76.64,24.965162,92.5757561,31.6,95.0,0.2,12.9,55,False
9,133,105,"Kalain (Near KESD, APDCL)",2,250 kVA,24.9686385,92.5690119,446.58,24.9686385,92.5690119,31.6,95.0,0.2,12.9,55,False
10,133,106,Kalain (Near PHE),2,100 kVA,24.9664166,92.5686026,113.98,24.9664166,92.5686026,31.6,95.0,0.2,12.9,55,False
11,133,108,Kalain Brahmangram (Near Jio),2,250 kVA,24.9691765,92.5667413,436.25,24.9691765,92.5667413,30.5,96.0,0.1,12.8,51,False
12,133,109,109- Kalain (Tarapur- College Road),2,63  kVA,24.9703105,92.563359,117.28,24.9703105,92.563359,30.5,96.0,0.1,12.8,51,False
13,133,110,110-KAKRAKHAL,2,63  kVA,24.976445,92.5651117,44.85,24.976445,92.5651117,30.5,96.0,0.1,12.8,51,False
14,133,111,111-BHAIRABPUR-V,2,100 kVA,24.9582566,92.5465243,75.77,24.9582566,92.5465243,30.5,96.0,0.1,12.8,51,False
15,133,112,112-BHAIRABPUR MASJID,2,16  kVA,24.964695,92.5581733,19.03,24.964695,92.5581733,30.5,96.0,0.1,12.8,51,False
16,133,114,114-NATANPUR,2,100 kVA,24.9578008,92.5632724,178.13,24.9578008,92.5632724,30.5,96.0,0.1,12.8,51,False
17,133,115,Boroitoli (Near Masjid),2,250 kVA,24.9470533,92.5667217,163.48,24.9470533,92.5667217,31.8,95.0,0.2,12.9,55,False
18,133,117,117-NATANPUR,2,16  kVA,24.948529,92.5645731,11.95,24.948529,92.5645731,31.8,95.0,0.2,12.9,55,False
19,133,118,118-DIGABUR BASTI,2,100 kVA,24.9489022,92.5536784,46.76,24.9489022,92.5536784,31.5,93.0,0.1,15.6,51,False
20,133,120,120-BHAIRABPUR-V (NEAR KAKRAKHAL),2,100 kVA,24.9669217,92.5540773,115.63,24.9669217,92.5540773,30.5,96.0,0.1,12.8,51,False
21,133,121,121-BHAIRABPUR-III HILUATILLA,2,16  kVA,24.93532,92.539665,16.37,24.93532,92.539665,31.5,93.0,0.1,15.6,51,False
22,133,125,125-SALIMABAD,2,25  kVA,24.9386353,92.527886,47.99,24.9386353,92.527886,31.5,93.0,0.1,15.6,51,False
23,133,126,126-KAKRAKHAL,2,250 kVA,24.9723066,92.5564977,195.99,24.9723066,92.5564977,30.5,96.0,0.1,12.8,51,False
24,133,128,128-KHELMA-VI,2,25  kVA,24.946875,92.47223,33.77,24.946875,92.47223,31.5,93.0,0.1,15.6,51,False
25,133,130,130-KHELMA VIII,2,250 kVA,24.9775874,92.5293892,309.85,24.9775874,92.5293892,30.5,96.0,0.1,12.8,51,False
26,133,132,132-BHUBANESWARNAGAR,9,250 kVA,24.9292817,92.6465267,157.98,24.9292817,92.6465267,31.8,95.0,0.2,12.9,55,False
27,133,133,133-PAIKAN 25 kVA,5,25  kVA,24.9788613,92.5263126,22.11,24.9788613,92.5263126,30.5,96.0,0.1,12.8,51,False
28,133,134,134-TARAPUR ULLAKHAL,2,100 kVA,24.9739033,92.5473926,57.339999999999996,24.9739033,92.5473926,30.5,96.0,0.1,12.8,51,False
29,133,135,Paikan (Near Masjid),2,100 kVA,24.9774788,92.5120053,96.88,24.9774788,92.5120053,30.5,96.0,0.1,12.8,51,False
30,133,139,139-KOROCHURA 63KVA,2,63  kVA,24.9758216,92.5355262,93.43,24.9758216,92.5355262,30.5,96.0,0.1,12.8,51,False
31,133,140,140-KHELMA 16KV,2,63  kVA,24.9730496,92.5161298,48.03,24.9730496,92.5161298,30.5,96.0,0.1,12.8,51,False
32,133,141,141-KHELMA-III VII,2,16  kVA,24.9605042,92.501977,17.05,24.9605042,92.501977,30.5,96.0,0.1,12.8,51,False
33,133,142,142-KHLMA,2,250 kVA,24.9785554,92.5192671,270.73,24.9785554,92.5192671,30.5,96.0,0.1,12.8,51,False
34,133,144,144-KHELMA II,2,16  kVA,24.9573254,92.4979798,59.93,24.9573254,92.4979798,30.5,96.0,0.1,12.8,51,False
35,133,145,145-SADIRKHAL BAZAR,2,63  kVA,24.9518244,92.4867608,48.45,24.9518244,92.4867608,31.5,93.0,0.1,15.6,51,False
36,133,146,146-JALALPUR KUSIERKUL,2,100 kVA,24.992735,92.457385,107.67,24.992735,92.457385,30.8,97.0,0.0,12.9,53,False
37,133,147,147-TARAPUR,2,16  kVA,24.9917083,92.4432209,21.009999999999998,24.9917083,92.4432209,30.8,97.0,0.0,12.9,53,False
38,133,148,148-LEVERPUTA,2,16  kVA,24.945659,92.4661563,18.18,24.945659,92.4661563,31.5,95.0,0.0,14.9,95,True
39,133,150,150-dudpur-63-kva,7,100 kVA,24.8731221,92.6737717,168.53,24.8731221,92.6737717,31.9,92.0,0.1,11.3,95,True
40,133,151,151-SARASPUR,2,100 kVA,24.975134,92.4996664,55.11,24.975134,92.4996664,30.5,96.0,0.1,12.8,51,False
41,133,153,153-KHELMA,2,100 kVA,24.9833766,92.5292307,78.34,24.9833766,92.5292307,30.5,96.0,0.1,12.8,51,False
42,133,155,155-RAJPUR 63 KVA,2,100 kVA,24.9889367,92.4918183,99.46,24.9889367,92.4918183,30.5,96.0,0.1,12.8,51,False
43,133,156,156-TALKARGRANT,2,100 kVA,24.9884867,92.4744267,111.89,24.9884867,92.4744267,30.5,96.0,0.1,12.8,51,False
44,133,157,157-MAHADEVPUR RGGVY,2,25  kVA,24.9730315,92.4644123,15.96,24.9730315,92.4644123,30.8,97.0,0.0,12.9,53,False
45,133,159,Paikan,2,100 kVA,24.9794743,92.5162463,62.36,24.9794743,92.5162463,30.5,96.0,0.1,12.8,51,False
46,133,160,160-PEERNAGAR,2,100 kVA,24.9745778,92.4590091,134.79,24.9745778,92.4590091,30.8,97.0,0.0,12.9,53,False
47,133,162,162-Mahadevpur,2,25  kVA,24.958411,92.4790336,36.6,24.958411,92.4790336,30.5,96.0,0.1,12.8,51,False
48,133,164,Bhairabpur Part-I,2,63  kVA,24.9772193,92.5286137,61.73,24.9772193,92.5286137,30.5,96.0,0.1,12.8,51,False
49,133,165,165-Bhairabpur-i(25kva RGGVY),2,63  kVA,24.9651004,92.5453318,37.94,24.9651004,92.5453318,30.5,96.0,0.1,12.8,51,False
50,133,168,168-TARAPUR,2,100 kVA,24.9929052,92.4557199,112.62,24.9929052,92.4557199,30.8,97.0,0.0,12.9,53,False
51,133,169,169-SOUTH TARAPUR,2,25  kVA,24.9911767,92.4508667,32.74,24.9911767,92.4508667,30.8,97.0,0.0,12.9,53,False
52,133,170,170-BISWAMBARPUR,2,63  kVA,24.999395,92.4441,40.14,24.999395,92.4441,30.8,97.0,0.0,12.9,53,False
53,133,171,171-16-Digabar TE,2,16  kVA,24.9491235,92.5537207,22.419999999999998,24.9491235,92.5537207,31.5,93.0,0.1,15.6,51,False
54,133,176,176-NIJ JALALPUR II,2,100 kVA,24.9690184,92.4455317,69.46000000000001,24.9690184,92.4455317,30.8,97.0,0.0,12.9,53,False
55,133,177,177-NIJ JALALPUR I,2,63  kVA,24.9688283,92.4418817,51.13,24.9688283,92.4418817,30.8,97.0,0.0,12.9,53,False
56,133,178,178-KHELMA JALALPUR,2,25  kVA,24.9533152,92.4891377,8.59,24.9533152,92.4891377,31.5,93.0,0.1,15.6,51,False
57,133,180,180-KARABALAGRANT 16KVA,2,16  kVA,25.017396,92.4394882,14.469999999999999,25.017396,92.4394882,30.8,97.0,0.0,12.9,53,False
58,133,181,181-GUMRAHGRANT 16KVA,2,16  kVA,24.9997368,92.438912,47.95,24.9997368,92.438912,30.8,97.0,0.0,12.9,53,False
59,133,187,187-BHAIRABPUR-V,2,63  kVA,24.9596713,92.5561959,73.19,24.9596713,92.5561959,30.5,96.0,0.1,12.8,51,False
60,133,190,190-BHAIRABPUR-I,2,16  kVA,24.96872,92.4374547,25.73,24.96872,92.4374547,30.8,97.0,0.0,12.9,53,False
61,133,202,202-CHALIGRAM,5,16  kVA,24.9854924,92.5705834,16.169999999999998,24.9854924,92.5705834,31.0,96.0,0.1,12.8,51,False
62,133,203,203-DHUMKAR CHALIRGRAM,5,100 kVA,24.9753902,92.5707701,67.11,24.9753902,92.5707701,30.9,96.0,0.1,12.8,51,False
63,133,204,204-CHOLIGRAM 63KV,5,63  kVA,24.9812422,92.5660439,49.14,24.9812422,92.5660439,30.5,96.0,0.1,12.8,51,False
64,133,205,205-GOBINDOKUPA,5,25  kVA,24.9976379,92.5256959,38.28,24.9976379,92.5256959,30.5,96.0,0.1,12.8,51,False
65,133,206,206-MEZENTA A,5,25  kVA,24.9969822,92.5761275,42.86,24.9969822,92.5761275,30.2,92.0,0.2,10.5,95,True
66,133,208,208-soligram 63-kva,5,100 kVA,24.9753915,92.5700057,102.17999999999999,24.9753915,92.5700057,30.9,96.0,0.1,12.8,51,False
67,133,210,210-majanta-te-16-kva,5,16  kVA,24.9978367,92.5670533,11.77,24.9978367,92.5670533,30.5,96.0,0.1,12.8,51,False
68,133,212,212-mougram 16-kva,5,16  kVA,24.98784,92.5492533,24.01,24.98784,92.5492533,30.5,96.0,0.1,12.8,51,False
69,133,213,213-63-KVA,9,63  kVA,24.948225,92.6438217,62.14,24.948225,92.6438217,31.8,95.0,0.2,12.9,55,False
70,133,214,214-buranga-2--100 kVA,9,100 kVA,24.9509467,92.6202567,154.95,24.9509467,92.6202567,31.8,95.0,0.2,12.9,55,False
71,133,215,215-bELTILLA-16-kva,5,16  kVA,24.9953417,92.4941183,16.0,24.9953417,92.4941183,30.5,96.0,0.1,12.8,51,False
72,133,220,220-GUMRAH BAZAR,2,250 kVA,24.9535133,92.5436405,108.92999999999999,24.9535133,92.5436405,31.5,93.0,0.1,15.6,51,False
73,133,222,Gumrah Kandigram (Near Sitaram Mandir),2,100 kVA,24.9717386,92.5116168,86.46,24.9717386,92.5116168,30.5,96.0,0.1,12.8,51,False
74,133,225,225-DIGORKHAL,5,25  kVA,24.9899721,92.517014,21.19,24.9899721,92.517014,30.5,96.0,0.1,12.8,51,False
75,133,229,229-RAJESHWARPUR II,5,16  kVA,24.9917735,92.4835377,20.69,24.9917735,92.4835377,30.5,96.0,0.1,12.8,51,False
76,133,230,230-megenta te 16-kva,5,16  kVA,24.9967802,92.5714094,17.8,24.9967802,92.5714094,31.0,96.0,0.1,12.8,51,False
77,133,231,231-kalainchora-100-kva,5,25  kVA,25.0121901,92.5048747,10.33,25.0121901,92.5048747,30.5,96.0,0.1,12.8,51,False
78,133,233,233-SPPS65 LAKHICHERA,5,16  kVA,25.0232498,92.4868399,29.0,25.0232498,92.4868399,30.5,96.0,0.1,12.8,51,False
79,133,236,236-100 KVA KURKURI BHANGARPAR,1,100 kVA,24.9590683,92.5890967,85.49,24.9590683,92.5890967,31.6,95.0,0.2,12.9,55,False
80,133,241,241-BATULMARAGRANT J.T.E,5,25  kVA,24.9997139,92.4609219,32.69,24.9997139,92.4609219,30.8,97.0,0.0,12.9,53,False
81,133,244,244-DUMKAR- SP-60 100 kVA,2,100 kVA,24.9677633,92.576205,108.58,24.9677633,92.576205,31.6,95.0,0.2,12.9,55,False
82,133,245,245-JALALPUR BAZAR,5,250 kVA,25.0009083,92.4550533,219.48,25.0009083,92.4550533,30.8,97.0,0.0,12.9,53,False
83,133,246,246-63-KVA,5,63  kVA,24.9869241,92.5360573,27.34,24.9869241,92.5360573,30.5,96.0,0.1,12.8,51,False
84,133,247,Punaparagrant mikirpunji1,5,16  kVA,24.9925378,92.5492918,8.07,24.9925378,92.5492918,30.5,96.0,0.1,12.8,51,False
85,133,249,Gonirgram-iii,7,25  kVA,24.8481474,92.6604985,18.95,24.8481474,92.6604985,31.9,92.0,0.1,11.3,95,True
86,133,257,Kalinagar-1,7,63  kVA,24.8709933,92.6136883,44.61,24.8709933,92.6136883,30.8,95.0,0.1,13.6,80,False
87,133,258,Gonigram-iii,7,25  kVA,24.8565724,92.6800705,43.31,24.8565724,92.6800705,31.9,92.0,0.1,11.3,95,True
88,133,260,Gonigram-iv,7,16  kVA,24.8692375,92.6950907,5.89,24.8692375,92.6950907,31.9,92.0,0.1,11.3,95,True
89,133,263,Katirail T.E,8,25  kVA,24.9238133,92.5935917,3.0,24.9238133,92.5935917,31.8,95.0,0.2,12.9,55,False
90,133,264,Craigpark -4 NO Basti,5,25  kVA,25.013576,92.5176831,7.4,25.013576,92.5176831,30.5,96.0,0.1,12.8,51,False
91,133,267,Tarinipur-iii,7,25  kVA,24.8717246,92.6329332,10.46,24.8717246,92.6329332,30.8,95.0,0.1,13.6,80,False
92,133,303,303-Menum Mikirpunji 25 kVA,5,25  kVA,25.000872,92.5033323,42.78,25.000872,92.5033323,30.5,96.0,0.1,12.8,51,False
93,133,306,306-KURKURI/BHANGARPAR,1,100 kVA,24.9568633,92.595415,56.12,24.9568633,92.595415,31.6,95.0,0.2,12.9,55,False
94,133,307,Monipur-1 16 kVA,1,16  kVA,24.9542333,92.599904,40.24,24.9542333,92.599904,31.8,95.0,0.2,12.9,55,False
95,133,308,Sundhura near Kalain Bagan down,3,100 kVA,24.980374,92.5768837,111.14,24.980374,92.5768837,31.6,95.0,0.2,12.9,55,False
96,133,311,311-Behara Pt V (Kalacheri) (Dindayal) DT- 1,6,63  kVA,24.9108265,92.6196087,29.76,24.9108265,92.6196087,31.8,95.0,0.2,12.9,55,False
97,133,324,324-Chandinagar 25 kva(Dindayal),8,25  kVA,24.9182855,92.4990599,16.22,24.9182855,92.4990599,31.5,93.0,0.1,15.6,51,False
98,133,327,327-Rongpur 25 kva(Dindayal),2,25  kVA,24.9793367,92.4243933,10.0,24.9793367,92.4243933,30.8,97.0,0.0,12.9,53,False
99,133,328,328-Gobindapur-I 25 kva(Dindayal),6,25  kVA,24.9158295,92.6124281,11.52,24.9158295,92.6124281,31.8,95.0,0.2,12.9,55,False
100,133,331,331- Madar Pur (Dindayal) DT-1,8,25  kVA,24.8749171,92.5227254,7.890000000000001,24.8749171,92.5227254,30.3,95.0,0.1,16.6,51,False
101,133,333,333-Kalainchera-63- KVA,5,100 kVA,25.0121931,92.5071962,88.82,25.0121931,92.5071962,30.5,96.0,0.1,12.8,51,False
102,133,335,335-VITORKUL-16-KVA,5,16  kVA,24.991835,92.5424317,14.16,24.991835,92.5424317,30.5,96.0,0.1,12.8,51,False
103,133,341,341-BANGARPAR BAZAR,9,100 kVA,24.9221483,92.6591983,124.02,24.9221483,92.6591983,31.8,95.0,0.2,12.9,55,False
104,133,342,342-BHANGARPAR IV,9,100 kVA,24.9221694,92.6618018,69.69,24.9221694,92.6618018,31.8,92.0,0.2,9.3,95,True
105,133,347,347-Chandpur V 25 kva(Dindayal),9,25  kVA,24.8802459,92.6890964,21.3,24.8802459,92.6890964,31.9,92.0,0.1,11.3,95,True
106,133,350,350-Sonapur,9,63  kVA,24.8843978,92.6899701,63.03,24.8843978,92.6899701,31.9,92.0,0.1,11.3,95,True
107,133,352,352-BIAKIMPUNJI-25-KVA,5,16  kVA,25.0206801,92.4596856,15.02,25.0206801,92.4596856,30.8,97.0,0.0,12.9,53,False
108,133,353,353-BOLASHARGRANT-16-.KVA,5,63  kVA,25.0046169,92.4539044,16.2,25.0046169,92.4539044,30.8,97.0,0.0,12.9,53,False
109,133,354,354-BISWAMBERPUR,5,100 kVA,25.0214017,92.4730373,60.31,25.0214017,92.4730373,30.5,96.0,0.1,12.8,51,False
110,133,357,357-10 KVA,5,10  kVA,25.0167264,92.491598,3.98,25.0167264,92.491598,30.5,96.0,0.1,12.8,51,False
111,133,358,358-BALESWARGRANT,5,16  kVA,25.0063696,92.4527822,25.92,25.0063696,92.4527822,30.8,97.0,0.0,12.9,53,False
112,133,359,359-BALESWARGRANT,5,16  kVA,25.0232986,92.4914376,10.9,25.0232986,92.4914376,30.5,96.0,0.1,12.8,51,False
113,133,361,361-CHANDPUR II,9,16  kVA,24.8894184,92.6716817,53.88,24.8894184,92.6716817,31.8,92.0,0.2,9.3,95,True
114,133,362,362- GOBINDAKUPA,5,63  kVA,24.991042,92.5210683,121.06,24.991042,92.5210683,30.5,96.0,0.1,12.8,51,False
115,133,364,364-CHANDPUR,9,16  kVA,24.90004,92.663215,15.94,24.90004,92.663215,31.8,92.0,0.2,9.3,95,True
116,133,368,368-CHANDPUR III (BELAKONA),9,63  kVA,24.899173,92.6780843,51.46,24.899173,92.6780843,31.8,92.0,0.2,9.3,95,True
117,133,369,369-CHANDPUR III,9,63  kVA,24.8925486,92.6711184,60.47,24.8925486,92.6711184,31.8,92.0,0.2,9.3,95,True
118,133,370,370-BHANGARPAR II,9,100 kVA,24.91913,92.6587917,162.0,24.91913,92.6587917,31.8,95.0,0.2,12.9,55,False
119,133,374,374-RANGHAR III,9,25  kVA,24.9076133,92.6750183,18.07,24.9076133,92.6750183,31.8,92.0,0.2,9.3,95,True
120,133,375,375-BHANGARPAR IV,9,63  kVA,24.9116679,92.6710812,77.16,24.9116679,92.6710812,31.8,92.0,0.2,9.3,95,True
121,133,377,377-BHEWARPAR,9,63  kVA,24.9114717,92.668865,32.31,24.9114717,92.668865,31.8,92.0,0.2,9.3,95,True
122,133,378,Bhangarpar IV (Near Police Outpost),9,63  kVA,24.9159429,92.6652852,74.47,24.9159429,92.6652852,31.8,92.0,0.2,9.3,95,True
123,133,379,379- Digorkhal Bazar,5,250 kVA,24.9975538,92.5164057,167.37,24.9975538,92.5164057,30.5,96.0,0.1,12.8,51,False
124,133,384,384-CHANDPUR,1,25  kVA,24.9937032,92.5197963,31.64,24.9937032,92.5197963,30.5,96.0,0.1,12.8,51,False
125,133,385,385-SONAPUR,9,100 kVA,24.9055355,92.6677673,21.06,24.9055355,92.6677673,31.8,92.0,0.2,9.3,95,True
126,133,386,386- KAYAJANI BASTI,5,25  kVA,24.9863721,92.5438292,14.63,24.9863721,92.5438292,30.5,96.0,0.1,12.8,51,False
127,133,387,387-16-SEWTI,5,16  kVA,25.0135693,92.5099502,22.26,25.0135693,92.5099502,30.5,96.0,0.1,12.8,51,False
128,133,388,388-CHANDPUR II,9,63  kVA,24.891385,92.6665767,43.98,24.891385,92.6665767,31.8,92.0,0.2,9.3,95,True
129,133,390,390-BHANGARPAR II,9,63  kVA,24.9150517,92.6500117,24.31,24.9150517,92.6500117,31.8,95.0,0.2,12.9,55,False
130,133,391,391-tingourI,9,63  kVA,24.939965,92.63556,54.01,24.939965,92.63556,31.8,95.0,0.2,12.9,55,False
131,133,392,392-SEWTI IV,9,63  kVA,24.9167167,92.6487085,52.37,24.9167167,92.6487085,31.8,95.0,0.2,12.9,55,False
132,133,394,394-16 KVA BARJATRAPUR,9,25  kVA,24.8945492,92.69898,32.78,24.8945492,92.69898,31.8,92.0,0.2,9.3,95,True
133,133,396,396-HIYERBOND-II,9,63  kVA,24.9057083,92.6912517,62.87,24.9057083,92.6912517,31.8,92.0,0.2,9.3,95,True
134,133,397,397-CHANDPUR III ( NEAR PETROL PUMP,9,63  kVA,24.9023721,92.6852968,96.2,24.9023721,92.6852968,31.8,92.0,0.2,9.3,95,True
135,133,398,398-CHANDPUR IV- AKILTIKRI,9,100 kVA,24.8996317,92.69115,128.3,24.8996317,92.69115,31.8,92.0,0.2,9.3,95,True
136,133,406,406-Kalain TE.,3,25  kVA,24.87701,92.525155,7.09,24.87701,92.525155,30.3,95.0,0.1,16.6,51,False
137,133,411,411- Tarinipur I(Dindayal) DT-2,7,25  kVA,24.8797644,92.6306206,12.780000000000001,24.8797644,92.6306206,30.8,95.0,0.1,13.6,80,False
138,133,412,412- Karai Kandi I (Pahar Tilla) (Dindayal) DT- 2,8,25  kVA,24.8998967,92.5346967,19.47,24.8998967,92.5346967,31.5,93.0,0.1,15.6,51,False
139,133,415,415- Behara Pt VI (Goralalpar) (Dindayal),6,25  kVA,24.9216062,92.6127752,12.66,24.9216062,92.6127752,31.8,95.0,0.2,12.9,55,False
140,133,416,416 Mahadevpur II(Dindayal 234),2,25  kVA,24.9698104,92.4664566,15.66,24.9698104,92.4664566,30.8,97.0,0.0,12.9,53,False
141,133,417,SALIGRAM( BOLoRAM)25KVA  ,5,25  kVA,24.9868137,92.5676464,6.46,24.9868137,92.5676464,31.0,96.0,0.1,12.8,51,False
142,133,418,418- Sewti Pt I (Santi Pt I) (Monkey Tillah) (Dindayal),9,25  kVA,24.9392267,92.6616033,16.65,24.9392267,92.6616033,31.8,92.0,0.2,9.3,95,True
143,133,420,420-RAJPUR-I,2,25  kVA,24.982069,92.5097038,18.91,24.982069,92.5097038,30.5,96.0,0.1,12.8,51,False
144,133,425,425-Mahadevpur,2,25  kVA,24.9597646,92.4814827,27.7,24.9597646,92.4814827,30.5,96.0,0.1,12.8,51,False
145,133,434,SALIGRAM (SORARPAR)BOLO-NANKI,5,25  kVA,24.9882245,92.5672927,15.28,24.9882245,92.5672927,31.0,96.0,0.1,12.8,51,False
146,133,437,437 Talkargrant (Dinndayal),2,25  kVA,24.9881,92.4820433,7.08,24.9881,92.4820433,30.5,96.0,0.1,12.8,51,False
147,133,439,439 Talkargrant Mahadebpur (Dindayal),2,25  kVA,24.9908449,92.4637696,7.5,24.9908449,92.4637696,30.8,97.0,0.0,12.9,53,False
148,133,441,CHANDPUR-III,9,25  kVA,24.8879282,92.6755052,2.9,24.8879282,92.6755052,31.8,92.0,0.2,9.3,95,True
149,133,445,445- Jagadishpur III (Bargoal) (Dindayal),8,16  kVA,24.9082989,92.5677021,4.62,24.9082989,92.5677021,31.8,95.0,0.2,12.9,55,False
150,133,447,447 Niz- Jalalpur III,2,63  kVA,24.9860917,92.5263133,41.24,24.9860917,92.5263133,30.5,96.0,0.1,12.8,51,False
151,133,448,448 Talkargrant (Dindayal),5,25  kVA,24.9970708,92.4813319,1.58,24.9970708,92.4813319,30.5,96.0,0.1,12.8,51,False
152,133,450,450- Karai Kandi I (Pahar Tilla) (Dindayal) DT- 1,8,25  kVA,24.894895,92.534905,22.81,24.894895,92.534905,31.5,93.0,0.1,15.6,51,False
153,133,452,VitorgongapurPt-i 25KVA,201,25  kVA,24.9435914,92.7130857,25.27,24.9435914,92.7130857,31.8,92.0,0.2,9.3,95,True
154,133,453,KHELMA PT-II,2,25  kVA,25.0205482,92.4800435,12.86,25.0205482,92.4800435,30.5,96.0,0.1,12.8,51,False
155,133,455,Mahadevpur Pt-I (Sriguru Nagar)  25 KVA,2,25  kVA,24.9940235,92.4648439,13.64,24.9940235,92.4648439,30.8,97.0,0.0,12.9,53,False
156,133,457,457-Gobindapur-I (Purba Gobingapur) (Dindayal),6,25  kVA,24.9032183,92.6291663,7.0,24.9032183,92.6291663,31.8,95.0,0.2,12.9,55,False
157,133,459,459-BORAITALI-IV (DINDAYAL),2,16  kVA,24.9395733,92.56394,,24.9395733,92.56394,31.5,93.0,0.1,15.6,51,False
158,133,461,461-TALKARGRANT (DINDAYAL),2,25  kVA,24.9882,92.4782,11.14,24.9882,92.4782,30.5,96.0,0.1,12.8,51,False
159,133,462,462- MANIPUR-I (DINDAYAL),1,25  kVA,24.9542733,92.5999867,0.8999999999999999,24.9542733,92.5999867,31.8,95.0,0.2,12.9,55,False
160,133,468,468- Gumra Grant (Gumrah Gaon) (Dindayal),2,25  kVA,25.00333,92.4379412,5.5,25.00333,92.4379412,30.8,97.0,0.0,12.9,53,False
161,133,470,Saidpur Pt I(nadirpar)  25KVA,8,63  kVA,24.9535454,92.4977021,22.13,24.9535454,92.4977021,31.5,93.0,0.1,15.6,51,False
162,133,471,Biswambarpur(Kushiarkul) 25KVA,2,25  kVA,24.9887397,92.4497036,36.28,24.9887397,92.4497036,30.8,97.0,0.0,12.9,53,False
163,133,501,501-KATIRAIL TE,6,63  kVA,24.8950853,92.5848685,68.42999999999999,24.8950853,92.5848685,31.8,95.0,0.2,12.9,55,False
164,133,503,503-SIDDIPUR,6,63  kVA,24.8791867,92.5889313,98.43,24.8791867,92.5889313,30.8,95.0,0.1,13.6,80,False
165,133,504,504-KATIRAIL,6,250 kVA,24.9071669,92.5906105,93.34,24.9071669,92.5906105,31.8,95.0,0.2,12.9,55,False
166,133,505,505-SIDDIPUR,6,250 kVA,24.8799917,92.592355,144.22,24.8799917,92.592355,30.8,95.0,0.1,13.6,80,False
167,133,506,506-KATIRAIL,6,250 kVA,24.8813983,92.5869067,232.0,24.8813983,92.5869067,30.8,95.0,0.1,13.6,80,False
168,133,507,507-NOON NAGAR,6,250 kVA,24.8948477,92.5933483,105.55,24.8948477,92.5933483,31.8,95.0,0.2,12.9,55,False
169,133,508,508-TIKARPARA,6,250 kVA,24.895545,92.5906833,298.12,24.895545,92.5906833,31.8,95.0,0.2,12.9,55,False
170,133,509,509-SIDDESWAR,6,25  kVA,24.9204385,92.6071119,14.049999999999999,24.9204385,92.6071119,31.8,95.0,0.2,12.9,55,False
171,133,512,512-BEHARA VI (TINTIKRI),6,63  kVA,24.9172384,92.6116583,97.89,24.9172384,92.6116583,31.8,95.0,0.2,12.9,55,False
172,133,513,513-KATIRAIL TE,6,100 kVA,24.9246221,92.5872981,106.46,24.9246221,92.5872981,31.8,95.0,0.2,12.9,55,False
173,133,514,514-NOONNAGAR,6,25  kVA,24.8898925,92.5946527,44.92,24.8898925,92.5946527,31.8,95.0,0.2,12.9,55,False
174,133,515,515-KATIRAIL,6,100 kVA,24.956905,92.5836833,93.8,24.956905,92.5836833,31.8,95.0,0.2,12.9,55,False
175,133,516,516-MODUA,6,100 kVA,24.956765,92.5836719,93.28,24.956765,92.5836719,31.8,95.0,0.2,12.9,55,False
176,133,517,517-NOONNAGAR,6,100 kVA,24.9308471,92.5967586,65.42,24.9308471,92.5967586,31.8,95.0,0.2,12.9,55,False
177,133,519,519-HILARA-,6,100 kVA,24.9349393,92.595152,90.31,24.9349393,92.595152,31.8,95.0,0.2,12.9,55,False
178,133,520,520-CHOUDHURY PARA,6,25  kVA,24.922148,92.6008619,31.15,24.922148,92.6008619,31.8,95.0,0.2,12.9,55,False
179,133,521,521-Hilara pamp,6,63  kVA,24.9252267,92.5910217,17.38,24.9252267,92.5910217,31.8,95.0,0.2,12.9,55,False
180,133,522,522-Bihara-V Kolachoripar,6,25  kVA,24.9103985,92.6333258,10.62,24.9103985,92.6333258,31.8,95.0,0.2,12.9,55,False
181,133,523,523-CHELLAH,6,63  kVA,24.9054262,92.6318967,47.31,24.9054262,92.6318967,31.8,95.0,0.2,12.9,55,False
182,133,524,524-LAKHIPUR III,6,250 kVA,24.9470206,92.588204,75.08,24.9470206,92.588204,31.8,95.0,0.2,12.9,55,False
183,133,525,525-CHABAGAN,6,250 kVA,24.8790639,92.5832123,313.79,24.8790639,92.5832123,30.8,95.0,0.1,13.6,80,False
184,133,526,526-BOROITOLI-V SP-44,6,25  kVA,24.9285067,92.5863767,54.29,24.9285067,92.5863767,31.8,95.0,0.2,12.9,55,False
185,133,527,527-MOHANPUR-I,6,25  kVA,24.9110925,92.6023822,18.39,24.9110925,92.6023822,31.8,95.0,0.2,12.9,55,False
186,133,529,529-HILARA TE,6,16  kVA,24.9351707,92.5947399,24.06,24.9351707,92.5947399,31.8,95.0,0.2,12.9,55,False
187,133,530,530-LAKHIPUR-I,6,16  kVA,24.9609735,92.5743585,35.19,24.9609735,92.5743585,31.6,95.0,0.2,12.9,55,False
188,133,531,531-HILARA PUMP,6,100 kVA,24.9403662,92.5909925,44.57,24.9403662,92.5909925,31.8,95.0,0.2,12.9,55,False
189,133,601,601-siddeshwar-63-kva,8,63  kVA,24.8770333,92.5772583,79.14,24.8770333,92.5772583,30.8,95.0,0.1,13.6,80,False
190,133,602,602-kathigorha-63-kva,8,100 kVA,24.8820036,92.5660643,147.55,24.8820036,92.5660643,30.8,95.0,0.1,13.6,80,False
191,133,603,603-charagibazar-250-kva,8,250 kVA,24.8812017,92.5551839,144.36,24.8812017,92.5551839,30.3,95.0,0.1,16.6,51,False
192,133,604,604-kathigorha-63-kva,8,63  kVA,24.8851333,92.5567267,41.74,24.8851333,92.5567267,31.5,93.0,0.1,15.6,51,False
193,133,605,605-KATIGORAH OLD 250,8,250 kVA,24.8776867,92.5687733,346.44,24.8776867,92.5687733,30.8,95.0,0.1,13.6,80,False
194,133,607,607-JAGADISHPUR 100,8,100 kVA,24.888185,92.5567798,123.35,24.888185,92.5567798,31.5,93.0,0.1,15.6,51,False
195,133,609,609-haritakar-16-kva,8,16  kVA,24.8880117,92.5122867,22.99,24.8880117,92.5122867,31.5,93.0,0.1,15.6,51,False
196,133,610,610-LATHIMARA-100-KVA,8,250 kVA,24.8811583,92.5552333,161.709,24.8811583,92.5552333,30.3,95.0,0.1,16.6,51,False
197,133,611,Haritakar,8,25  kVA,24.883685,92.51593,14.19,24.883685,92.51593,30.3,95.0,0.1,16.6,51,False
198,133,612,612-LATHIMARA-16-KVA,8,16  kVA,24.8750363,92.5431181,33.9,24.8750363,92.5431181,30.3,95.0,0.1,16.6,51,False
199,133,614,614-KATIGORAH II 100,8,100 kVA,24.9087452,92.5796577,58.14,24.9087452,92.5796577,31.8,95.0,0.2,12.9,55,False
200,133,615,615-KATHIGORHA-25-KVA-,8,25  kVA,24.9051417,92.577825,51.08,24.9051417,92.577825,31.8,95.0,0.2,12.9,55,False
201,133,616,616-KATHIGORHA-16-KVA,8,63  kVA,24.9072967,92.5788033,24.68,24.9072967,92.5788033,31.8,95.0,0.2,12.9,55,False
202,133,619,619-niz kathigorha-16-kva,8,16  kVA,24.90034,92.5776933,37.55,24.90034,92.5776933,31.8,95.0,0.2,12.9,55,False
203,133,623,623-JAGADISHPUR V 100,8,100 kVA,24.8987683,92.5589963,72.06,24.8987683,92.5589963,31.5,93.0,0.1,15.6,51,False
204,133,624,624-JAGADISHPUR IV 63,8,63  kVA,24.8918896,92.5681629,99.92,24.8918896,92.5681629,31.8,95.0,0.2,12.9,55,False
205,133,626,626-JAGADISHPUR IV 63,8,63  kVA,24.8974796,92.5680284,68.67999999999999,24.8974796,92.5680284,31.8,95.0,0.2,12.9,55,False
206,133,629,629-LATHIMARA-100-KVA,8,100 kVA,24.8791514,92.5452838,111.31,24.8791514,92.5452838,30.3,95.0,0.1,16.6,51,False
207,133,631,631-KATHIGORHA-16-KVA,8,16  kVA,24.9000817,92.5736367,24.73,24.9000817,92.5736367,31.8,95.0,0.2,12.9,55,False
208,133,632,632-talitakar-63-kva,8,63  kVA,24.8835946,92.5251355,157.25,24.8835946,92.5251355,30.3,95.0,0.1,16.6,51,False
209,133,634,634-CHANDINAGAR-16--KVA,8,16  kVA,24.9244727,92.4971552,11.69,24.9244727,92.4971552,31.5,93.0,0.1,15.6,51,False
210,133,635,635-JOGODISHPUR-16-KVA,8,16  kVA,24.9099724,92.5599661,21.22,24.9099724,92.5599661,31.5,93.0,0.1,15.6,51,False
211,133,637,637-CHANDINAGAR-1-16-KVA,8,16  kVA,24.9284735,92.5002039,7.59,24.9284735,92.5002039,31.5,93.0,0.1,15.6,51,False
212,133,640,640-HARINAGAR-63-KVA,8,63  kVA,24.8929134,92.4987646,45.03,24.8929134,92.4987646,31.5,93.0,0.1,15.6,51,False
213,133,642,642-HORINAGAR II,8,63  kVA,24.8816267,92.5028967,13.26,24.8816267,92.5028967,30.3,95.0,0.1,16.6,51,False
214,133,646,646-HARINAGAR II,8,100 kVA,24.88314,92.5033848,35.38,24.88314,92.5033848,30.3,95.0,0.1,16.6,51,False
215,133,1003,Chandpur-I (Nokyary) (Near PHE),7,25  kVA,24.8881058,92.6517365,48.39,24.8881058,92.6517365,31.8,95.0,0.2,12.9,55,False
216,133,1005,Chandpur-I ( Near Masjid),7,25  kVA,24.8866357,92.656414,24.82,24.8866357,92.656414,31.8,95.0,0.2,12.9,55,False
217,133,1009,1009- Dudhpur Lamargram (Dindayal),7,25  kVA,24.8805672,92.6561599,55.21,24.8805672,92.6561599,30.8,95.0,0.1,13.6,80,False
218,133,1010,1010-Lakhipur-III (Dindayal) DT-1,6,25  kVA,24.9022079,92.6348132,16.23,24.9022079,92.6348132,31.8,95.0,0.2,12.9,55,False
219,133,1014,1014-Khelma III (Dindayal),2,63  kVA,24.9632297,92.5064162,22.56,24.9632297,92.5064162,30.5,96.0,0.1,12.8,51,False
220,133,1015,1015-Sarajpur (Daspara) (Dindayal),2,63  kVA,24.9656625,92.4871535,35.87,24.9656625,92.4871535,30.5,96.0,0.1,12.8,51,False
221,133,1016,1016-Paikan (Ujangram) (Dindayal),5,25  kVA,24.983425,92.5234193,11.76,24.983425,92.5234193,30.5,96.0,0.1,12.8,51,False
222,133,1017,1017- Craigpark Mikir Punjee (Shivtilla) (Dindayal),5,25  kVA,25.0056752,92.5290112,11.78,25.0056752,92.5290112,30.5,96.0,0.1,12.8,51,False
223,133,1025,1025-Saidpur II (Kalibari) (Dindayal),8,25  kVA,24.9330799,92.4918628,13.68,24.9330799,92.4918628,31.5,93.0,0.1,15.6,51,False
224,133,1028,1028- Baraitoli Pt IV (Dindayal) DT-1,2,100 kVA,24.92543,92.5728383,2.49,24.92543,92.5728383,31.8,95.0,0.2,12.9,55,False
225,133,1029,1029- Baraitoli Pt IV (Dindayal) DT-2,2,25  kVA,24.9230216,92.5676126,12.0,24.9230216,92.5676126,31.8,95.0,0.2,12.9,55,False
226,133,1032,1032- Mahadevpur (Talkargrant) (Dindayal),2,25  kVA,24.9889745,92.4697754,9.82,24.9889745,92.4697754,30.8,97.0,0.0,12.9,53,False
227,133,1033,1033- Mahanpur (Near Samsul House) DT- 2,6,25  kVA,24.9120345,92.6110038,33.89,24.9120345,92.6110038,31.8,95.0,0.2,12.9,55,False
228,133,1034,1034-Bhairabpur II (16 kva),2,16  kVA,24.9371434,92.5374317,28.47,24.9371434,92.5374317,31.5,93.0,0.1,15.6,51,False
229,133,1037,1037- Sewti Pt IV (Dindayal),9,63  kVA,24.9076933,92.6451983,23.58,24.9076933,92.6451983,31.8,95.0,0.2,12.9,55,False
230,133,1038,1038- Bhairabpr I (Near M E School) (SOUBHAGYA),2,100 kVA,24.9555573,92.5450503,14.12,24.9555573,92.5450503,30.5,96.0,0.1,12.8,51,False
231,133,1042,1042- Dudpur II (SANJOG),7,25  kVA,24.8600232,92.6782089,7.35,24.8600232,92.6782089,31.9,92.0,0.1,11.3,95,True
232,133,1045,1045- Sraspur (SANJOG),2,25  kVA,24.9638836,92.4855904,40.519999999999996,24.9638836,92.4855904,30.5,96.0,0.1,12.8,51,False
233,133,1047,1047- Lahamali (SANJOG) 25,8,25  kVA,24.8852686,92.5550845,58.42,24.8852686,92.5550845,31.5,93.0,0.1,15.6,51,False
234,133,1048,1048- Mahadevpur III,2,25  kVA,24.9576767,92.4696317,25.48,24.9576767,92.4696317,30.8,97.0,0.0,12.9,53,False
235,133,1049,1049- Bhangarpar III & IV,9,25  kVA,24.91478,92.660075,22.58,24.91478,92.660075,31.8,95.0,0.2,12.9,55,False
236,133,1057,1057- Buribail III,7,25  kVA,24.870244,92.723572,23.86,24.870244,92.723572,31.9,92.0,0.1,11.3,95,True
237,133,1059,1059- Khelma II (SANJOG),2,25  kVA,24.9638576,92.4897577,12.29,24.9638576,92.4897577,30.5,96.0,0.1,12.8,51,False
238,133,2009,Lakhipur III (Near Manipuri Mandir),6,25  kVA,24.9432283,92.5897883,25.68,24.9432283,92.5897883,31.8,95.0,0.2,12.9,55,False
239,133,2010,Lakhipur II (Near Gas Agency),6,25  kVA,24.9518193,92.5868498,12.6,24.9518193,92.5868498,31.8,95.0,0.2,12.9,55,False
240,133,2013,Barailtoli (Hilarkandi) (Near Itt Bhatta),6,63  kVA,24.9480118,92.5799013,21.0,24.9480118,92.5799013,31.8,95.0,0.2,12.9,55,False
241,133,2014,Mohanpur II (Near ONGC),6,25  kVA,24.8912615,92.5928227,8.33,24.8912615,92.5928227,31.8,95.0,0.2,12.9,55,False
242,133,2015,Mohanpur II (Khanjalla),6,25  kVA,24.8947567,92.586095,55.17,24.8947567,92.586095,31.8,95.0,0.2,12.9,55,False
243,133,2016,Khelma-IV(DDUGJY),2,63  kVA,24.9217317,92.601031,15.49,24.9217317,92.601031,31.8,95.0,0.2,12.9,55,False
244,133,2017,Chandpur II (Near Natun LP School),9,25  kVA,24.8890067,92.6663333,8.43,24.8890067,92.6663333,31.8,92.0,0.2,9.3,95,True
245,133,2034,Tikarbosti(NearIOC)25KVA,201,25  kVA,24.9449015,92.7173748,27.47,24.9449015,92.7173748,31.8,92.0,0.2,9.3,95,True
246,133,2039,SONAPUR III(MOROITOL)63KVA,201,63  kVA,24.9321317,92.6898139,27.81,24.9321317,92.6898139,31.8,92.0,0.2,9.3,95,True
247,133,2041,SonapurPTI(Kunagram)25KVA,201,25  kVA,24.9371133,92.6760321,38.65,24.9371133,92.6760321,31.8,92.0,0.2,9.3,95,True
248,133,2042,SunapurPT-i(NearSchool)25KVA,201,25  kVA,24.9368481,92.6729154,24.51,24.9368481,92.6729154,31.8,92.0,0.2,9.3,95,True
249,133,2045,Sonapur PT I(Dispur) 100 kva,201,100 kVA,24.9338483,92.6674865,68.78,24.9338483,92.6674865,31.8,92.0,0.2,9.3,95,True
250,133,2068,Bhangarpar IV,9,63  kVA,24.9190483,92.66124,33.74,24.9190483,92.66124,31.8,95.0,0.2,12.9,55,False
251,133,2072,Khelma-III(Near Kali Mandir),2,25  kVA,24.9609532,92.5036777,20.15,24.9609532,92.5036777,30.5,96.0,0.1,12.8,51,False
252,133,2073,Rajpur Talkar grant 2,2,25  kVA,24.9887754,92.4840191,19.11,24.9887754,92.4840191,30.5,96.0,0.1,12.8,51,False
253,133,2077,HARINAGAR PT II (NEW 25KVA),8,25  kVA,24.890085,92.497935,13.0,24.890085,92.497935,31.5,93.0,0.1,15.6,51,False
254,133,2078,25KVA KATIGORAH PT II NEAR SUKRITIPUR STATION,8,25  kVA,24.8978267,92.5732533,9.9,24.8978267,92.5732533,31.8,95.0,0.2,12.9,55,False
255,133,2079,Bhairabpur Pt II New 16 kVA,2,16  kVA,24.9331093,92.5384153,15.0,24.9331093,92.5384153,31.5,93.0,0.1,15.6,51,False
256,133,2081,BHAIRABPUR-II(SALIMABAD),2,16  kVA,24.9391749,92.532011,25.0,24.9391749,92.532011,31.5,93.0,0.1,15.6,51,False
257,133,2082,HARINAGAR PT II NEAR MASJID 25KVA,8,25  kVA,24.88349,92.4976567,63.4,24.88349,92.4976567,30.3,95.0,0.1,16.6,51,False
258,133,2084,CHANDINAGAR PT II NEAR LP SCHOOL 25,8,25  kVA,24.9218404,92.4947131,31.36,24.9218404,92.4947131,31.5,93.0,0.1,15.6,51,False
259,133,2087,NANDIRPAR NEAR BSF CAMP,2,63  kVA,24.9540415,92.4975261,9.33,24.9540415,92.4975261,31.5,93.0,0.1,15.6,51,False
260,133,2089,KUNAPARAGRANT,5,16  kVA,24.9901817,92.54935,12.26,24.9901817,92.54935,30.5,96.0,0.1,12.8,51,False
261,133,2090,Lakhipur PT I (Near Baliuna),6,25  kVA,24.959521,92.5740704,6.9,24.959521,92.5740704,31.6,95.0,0.2,12.9,55,False
262,133,2091,Lakhipur PT I (Near Forest Gate),6,100 kVA,24.962372,92.578251,41.82,24.962372,92.578251,31.6,95.0,0.2,12.9,55,False
263,133,2092,LEVERPUTA II,2,16  kVA,24.9554018,92.4854721,38.01,24.9554018,92.4854721,31.5,93.0,0.1,15.6,51,False
264,133,2099,LEVERPUTA I,2,63  kVA,24.9460569,92.4629548,50.06,24.9460569,92.4629548,31.5,95.0,0.0,14.9,95,True
265,133,2103,JAGADISHPUR V,8,25  kVA,24.9026655,92.5598498,36.74,24.9026655,92.5598498,31.5,93.0,0.1,15.6,51,False
266,133,2105,LEVERPUTA II,2,25  kVA,24.9482087,92.476852,11.15,24.9482087,92.476852,31.5,93.0,0.1,15.6,51,False
267,133,2106,JAGADISHPUR V,8,25  kVA,24.893199,92.5580641,42.36,24.893199,92.5580641,31.5,93.0,0.1,15.6,51,False
268,133,2108,RONGHAR I,9,25  kVA,24.9227016,92.6727785,17.68,24.9227016,92.6727785,31.8,92.0,0.2,9.3,95,True
269,133,2109,JALALPUR ( DONARPAR ),2,25  kVA,24.9753592,92.4544688,14.27,24.9753592,92.4544688,30.8,97.0,0.0,12.9,53,False
270,133,2110,JALALPUR ( DONARPAR ),2,63  kVA,24.9768917,92.4521483,16.72,24.9768917,92.4521483,30.8,97.0,0.0,12.9,53,False
271,133,2111,Natanpur ongc,2,25  kVA,24.9953112,92.4313496,8.82,24.9953112,92.4313496,30.8,97.0,0.0,12.9,53,False
272,133,2113,DIGABOR GRANT,2,25  kVA,24.9454595,92.5485232,29.91,24.9454595,92.5485232,31.5,93.0,0.1,15.6,51,False
273,133,2119,khelma part ii,2,25  kVA,24.963094,92.4865513,4.49,24.963094,92.4865513,30.5,96.0,0.1,12.8,51,False
274,133,2120,khelma part ii,2,25  kVA,24.9607826,92.4857204,4.41,24.9607826,92.4857204,30.5,96.0,0.1,12.8,51,False
275,133,2121,khrelma part ii,2,25  kVA,24.9576266,92.4866441,14.25,24.9576266,92.4866441,30.5,96.0,0.1,12.8,51,False
276,133,2122,GOALNAGAR,2,25  kVA,24.9591752,92.4823453,11.78,24.9591752,92.4823453,30.5,96.0,0.1,12.8,51,False
277,133,2128,NIZ FULBARI PART I,7,25  kVA,24.8712812,92.620134,,24.8712812,92.620134,30.8,95.0,0.1,13.6,80,False
278,133,2138,MAHADEVPUR III,2,63  kVA,24.9622032,92.471702,27.97,24.9622032,92.471702,30.5,96.0,0.1,12.8,51,False
279,133,2140,barjatrapur(near public school),9,63  kVA,24.9024318,92.6922736,33.7,24.9024318,92.6922736,31.8,92.0,0.2,9.3,95,True
280,133,2141,barjatrapur bus stand,9,250 kVA,24.9030752,92.7054417,79.56,24.9030752,92.7054417,31.8,92.0,0.2,9.3,95,True
281,133,2142,NATANPUR  CHOUMATHA,2,25  kVA,24.9994617,92.4271217,7.43,24.9994617,92.4271217,30.8,97.0,0.0,12.9,53,False
282,133,2144,GOKULNAGAR,5,25  kVA,25.0098,92.5022417,13.719999999999999,25.0098,92.5022417,30.5,96.0,0.1,12.8,51,False
283,133,2152,NIZFULBARI-III DDUGJY-21,7,25  kVA,24.8495584,92.6481093,,24.8495584,92.6481093,30.8,95.0,0.1,13.6,80,False
284,133,2160,CHANDPUR KANDIGRAM(NEAR JIO),9,25  kVA,24.8856517,92.6731217,,24.8856517,92.6731217,31.9,92.0,0.1,11.3,95,True
285,133,2161,63 kVA CHANDIPUR New DDUGJY 21,2,25  kVA,24.9862174,92.5073947,,24.9862174,92.5073947,30.5,96.0,0.1,12.8,51,False
286,133,2163,SIDDHESWAR PT II NEW DDUGJY21,8,25  kVA,24.8776801,92.5823275,,24.8776801,92.5823275,30.8,95.0,0.1,13.6,80,False
287,133,2164,NATANPUR NEW DDUGJY 21,2,63  kVA,25.0029883,92.43447,,25.0029883,92.43447,30.8,97.0,0.0,12.9,53,False
288,133,2165,SEWTI PT I NEW DDUGJY21,9,63  kVA,24.9443043,92.655665,,24.9443043,92.655665,31.8,95.0,0.2,12.9,55,False
289,133,2166,SEWTI PT IV NEW DDUGJY21,9,63  kVA,24.9124983,92.6420833,,24.9124983,92.6420833,31.8,95.0,0.2,12.9,55,False
290,133,2167,BOALCHERA NEW DDUGJY21,5,16  kVA,25.0071856,92.5626613,,25.0071856,92.5626613,30.5,96.0,0.1,12.8,51,False
291,133,2176,HARINAGAR-II DDUGJY21,8,25  kVA,24.8844517,92.49575,,24.8844517,92.49575,30.3,95.0,0.1,16.6,51,False
292,133,2177,HARINAGAR -III DDUGJY21,8,25  kVA,24.8828417,92.50572,,24.8828417,92.50572,30.3,95.0,0.1,16.6,51,False
293,133,2184,MOHONPUR-I DDUGJY21,6,63  kVA,24.9196555,92.5984742,,24.9196555,92.5984742,31.8,95.0,0.2,12.9,55,False
294,133,2185,MOHANPUR-I DDUGJY21,6,25  kVA,24.9100576,92.6016071,0.99,24.9100576,92.6016071,31.8,95.0,0.2,12.9,55,False
295,133,2191,DUDHPUR DDUGJY21,7,25  kVA,24.875515,92.6476307,,24.875515,92.6476307,30.8,95.0,0.1,13.6,80,False
296,133,2192,RONGPUR NEW DDUGJY21,2,25  kVA,24.9725504,92.4242925,,24.9725504,92.4242925,30.8,97.0,0.0,12.9,53,False
297,133,2198,TINTIKRI DDUGJY21,6,63  kVA,24.917309,92.6142721,,24.917309,92.6142721,31.8,95.0,0.2,12.9,55,False
298,133,2199,GILATOLI 2NEW DDUGJY21,5,16  kVA,24.9954683,92.537,,24.9954683,92.537,30.5,96.0,0.1,12.8,51,False
299,133,2204,SINGDUAR TE DDUGJY21,3,63  kVA,25.0015966,92.5956047,,25.0015966,92.5956047,30.1,92.0,0.2,10.5,95,True
300,133,2209,GUMRAH GRANT DDUGJY21,5,25  kVA,24.991455,92.4406683,,24.991455,92.4406683,30.8,97.0,0.0,12.9,53,False
301,133,2210,BIHARA PT V DDUGJY21,9,63  kVA,24.9272683,92.6314067,2.0,24.9272683,92.6314067,31.8,95.0,0.2,12.9,55,False
302,133,2211,BIHARA PT IV DDUGJY21,9,25  kVA,24.9297974,92.6323873,,24.9297974,92.6323873,31.8,95.0,0.2,12.9,55,False
303,133,2212,RANGHAR PT III DDUGJY21,9,63  kVA,24.9062484,92.6820301,,24.9062484,92.6820301,31.8,92.0,0.2,9.3,95,True
304,133,2213,BURIBAIL PT III DDUGJY21,7,25  kVA,24.8675967,92.715185,,24.8675967,92.715185,31.9,92.0,0.1,11.3,95,True
305,133,2214,NIZ FULBARI PT I DDUGJY21,7,25  kVA,24.86611,92.618435,4.140000000000001,24.86611,92.618435,30.8,95.0,0.1,13.6,80,False
306,133,2215,DIGHOR MOHADEVPUR DDUGJY21,5,25  kVA,25.0066933,92.4608483,,25.0066933,92.4608483,30.8,97.0,0.0,12.9,53,False
307,133,2217,GOBINDAPUR PT III (MODANGONJ)DDUGJY21,7,16  kVA,24.8969587,92.6189981,,24.8969587,92.6189981,31.8,95.0,0.2,12.9,55,False
308,133,2218,Barjatrapur(Raninagar) 25 kva DDUGJY2021,9,25  kVA,24.909175,92.7104117,,24.909175,92.7104117,31.8,92.0,0.2,9.3,95,True
309,133,2219,DHOLCHERA PT I NEAR SS DDUGJY21,9,25  kVA,24.94619,92.679835,,24.94619,92.679835,31.8,92.0,0.2,9.3,95,True
310,133,2222,kunapara grant near school,5,16  kVA,24.995745,92.5665652,,24.995745,92.5665652,30.5,96.0,0.1,12.8,51,False
311,133,2223,SARASAPUR 1 DDUGJY21,2,25  kVA,24.9809245,92.5015992,0.49,24.9809245,92.5015992,30.5,96.0,0.1,12.8,51,False
312,133,2228,TALKARGRANT MVI GATE DDUGJY21,5,25  kVA,25.0085243,92.5037911,,25.0085243,92.5037911,30.5,96.0,0.1,12.8,51,False
313,133,2230,BELTILLA DDUGJY21,5,25  kVA,24.9963324,92.4924908,,24.9963324,92.4924908,30.5,96.0,0.1,12.8,51,False
314,133,2237,NIZ HARITIKAR-II DDUGJY21,8,25  kVA,24.8823417,92.509835,,24.8823417,92.509835,30.3,95.0,0.1,16.6,51,False
315,133,2238,SINGDUWAR 12 NO MIKIR PUNJEE DDUGJY21,3,25  kVA,25.0075833,92.6026483,,25.0075833,92.6026483,29.4,92.0,0.2,10.5,95,True
316,133,2243,NATANPUR DDUGJY21,2,25  kVA,24.9949183,92.42745,,24.9949183,92.42745,30.8,97.0,0.0,12.9,53,False
317,133,2244,GOBINDAKUPA PAIKAN DDUGJY21,5,25  kVA,24.9844583,92.5173493,,24.9844583,92.5173493,30.5,96.0,0.1,12.8,51,False
318,133,2246,DUDPUR LAMARGAM,7,25  kVA,24.8758644,92.6528798,16.96,24.8758644,92.6528798,30.8,95.0,0.1,13.6,80,False
319,133,2252,GUMRA BAGAAN,5,63  kVA,25.0175626,92.4736794,,25.0175626,92.4736794,30.5,96.0,0.1,12.8,51,False
320,133,2255,BOROITOLI NEAR DIGABOR TE,2,16  kVA,24.9444695,92.5571892,1.0,24.9444695,92.5571892,31.5,93.0,0.1,15.6,51,False
